Q1,Q2,Q3,Q4,Q48.1,Q5,Q6,Q7,Q8,Q9,Q10,Q11,Q12,Q13,Q14,Q15,Q16,Q17,Q18,Q19,Q20,Q21,Q22,Q23,Q24,Q25,Q26,Q27,Q28,Q29,Ethnicity simplified
2.0,1.0,2.0,4.0,5.0,4.0,4.0,4.0,4.0,3.0,4.0,2.0,4.0,4.0,4.0,4.0,4.0,4.0,4.0,3.0,4.0,4.0,5.0,5.0,4.0,4.0,4.0,4.0,5.0,4.0,5
2.0,1.0,1.0,2.0,1.0,5.0,4.0,4.0,5.0,4.0,3.0,1.0,3.0,2.0,4.0,4.0,4.0,3.0,4.0,1.0,2.0,4.0,5.0,4.0,4.0,4.0,4.0,4.0,5.0,4.0,5
2.0,1.0,2.0,3.0,1.0,5.0,5.0,5.0,5.0,5.0,1.0,1.0,1.0,5.0,5.0,5.0,5.0,5.0,4.0,3.0,3.0,4.0,4.0,4.0,4.0,3.0,2.0,3.0,2.0,2.0,5
4.0,1.0,2.0,4.0,6.0,4.0,3.0,3.0,4.0,3.0,3.0,2.0,1.0,4.0,3.0,3.0,3.0,3.0,3.0,2.0,1.0,4.0,4.0,3.0,3.0,2.0,2.0,4.0,3.0,3.0,5
2.0,1.0,2.0,3.0,2.0,5.0,3.0,3.0,4.0,4.0,3.0,2.0,3.0,3.0,3.0,2.0,3.0,2.0,3.0,2.0,3.0,3.0,4.0,4.0,3.0,3.0,3.0,2.0,2.0,3.0,5
2.0,1.0,2.0,3.0,2.0,4.0,4.0,4.0,3.0,4.0,2.0,4.0,4.0,2.0,3.0,3.0,2.0,4.0,1.0,3.0,1.0,4.0,4.0,5.0,4.0,4.0,3.0,4.0,3.0,4.0,5
1.0,1.0,2.0,4.0,5.0,5.0,4.0,5.0,4.0,5.0,3.0,1.0,2.0,2.0,3.0,2.0,2.0,4.0,2.0,2.0,2.0,5.0,4.0,5.0,4.0,2.0,4.0,5.0,4.0,3.0,5
2.0,1.0,2.0,2.0,1.0,5.0,4.0,4.0,4.0,2.0,1.0,2.0,3.0,3.0,3.0,3.0,2.0,2.0,3.0,2.0,2.0,4.0,5.0,5.0,4.0,1.0,1.0,1.0,3.0,4.0,5
2.0,1.0,2.0,3.0,1.0,4.0,4.0,4.0,4.0,3.0,1.0,1.0,1.0,3.0,3.0,4.0,4.0,3.0,1.0,1.0,1.0,4.0,4.0,3.0,4.0,2.0,3.0,2.0,2.0,3.0,5
2.0,1.0,1.0,3.0,1.0,5.0,4.0,5.0,5.0,4.0,4.0,3.0,4.0,2.0,2.0,4.0,1.0,2.0,1.0,1.0,1.0,4.0,5.0,5.0,5.0,2.0,2.0,4.0,4.0,2.0,5
2.0,1.0,2.0,2.0,1.0,4.0,4.0,4.0,4.0,3.0,4.0,3.0,4.0,4.0,4.0,4.0,3.0,4.0,3.0,3.0,3.0,5.0,5.0,4.0,4.0,2.0,3.0,4.0,4.0,4.0,5
3.0,1.0,1.0,4.0,3.0,5.0,4.0,5.0,4.0,5.0,5.0,3.0,2.0,5.0,5.0,4.0,4.0,3.0,5.0,3.0,3.0,4.0,5.0,3.0,4.0,3.0,3.0,3.0,4.0,3.0,5
1.0,2.0,1.0,3.0,5.0,4.0,3.0,5.0,4.0,4.0,2.0,2.0,1.0,2.0,2.0,2.0,2.0,3.0,2.0,3.0,2.0,4.0,5.0,4.0,5.0,1.0,2.0,4.0,2.0,4.0,0
2.0,2.0,2.0,3.0,2.0,5.0,3.0,4.0,4.0,4.0,1.0,1.0,1.0,4.0,3.0,4.0,4.0,4.0,1.0,1.0,1.0,3.0,3.0,3.0,3.0,1.0,2.0,1.0,1.0,1.0,0
2.0,1.0,2.0,3.0,1.0,4.0,4.0,4.0,4.0,2.0,1.0,1.0,2.0,4.0,4.0,4.0,4.0,2.0,3.0,3.0,4.0,4.0,4.0,4.0,4.0,4.0,4.0,4.0,4.0,4.0,5
2.0,1.0,2.0,3.0,1.0,5.0,4.0,4.0,4.0,4.0,1.0,1.0,2.0,4.0,3.0,4.0,4.0,4.0,1.0,1.0,2.0,3.0,4.0,3.0,5.0,3.0,4.0,4.0,3.0,3.0,5
2.0,1.0,2.0,4.0,1.0,4.0,4.0,4.0,4.0,4.0,1.0,1.0,1.0,4.0,4.0,4.0,4.0,4.0,1.0,1.0,1.0,5.0,5.0,5.0,4.0,2.0,2.0,2.0,2.0,2.0,5
3.0,1.0,1.0,3.0,1.0,5.0,4.0,4.0,4.0,2.0,2.0,2.0,1.0,4.0,4.0,4.0,4.0,2.0,2.0,2.0,2.0,4.0,4.0,3.0,4.0,2.0,4.0,3.0,4.0,2.0,5
1.0,1.0,2.0,2.0,1.0,5.0,4.0,4.0,4.0,2.0,3.0,1.0,2.0,5.0,2.0,4.0,4.0,4.0,3.0,1.0,2.0,4.0,4.0,4.0,5.0,2.0,2.0,3.0,3.0,4.0,5
3.0,1.0,2.0,3.0,1.0,5.0,4.0,3.0,4.0,4.0,1.0,1.0,1.0,2.0,1.0,1.0,1.0,2.0,1.0,1.0,1.0,4.0,4.0,4.0,4.0,1.0,1.0,1.0,1.0,1.0,5
3.0,1.0,1.0,2.0,1.0,4.0,4.0,4.0,4.0,2.0,4.0,2.0,2.0,4.0,4.0,4.0,4.0,4.0,4.0,2.0,2.0,5.0,5.0,4.0,3.0,3.0,4.0,3.0,4.0,4.0,5
2.0,1.0,2.0,3.0,1.0,5.0,4.0,4.0,4.0,3.0,1.0,1.0,2.0,4.0,3.0,3.0,4.0,4.0,1.0,1.0,2.0,4.0,4.0,5.0,4.0,2.0,2.0,3.0,3.0,3.0,5
2.0,1.0,2.0,3.0,1.0,4.0,4.0,4.0,3.0,4.0,1.0,1.0,1.0,4.0,3.0,4.0,3.0,4.0,1.0,1.0,1.0,4.0,4.0,5.0,4.0,2.0,3.0,4.0,4.0,3.0,5
4.0,1.0,2.0,4.0,6.0,5.0,4.0,4.0,3.0,3.0,3.0,1.0,3.0,5.0,5.0,4.0,4.0,4.0,3.0,1.0,3.0,2.0,4.0,4.0,4.0,2.0,2.0,3.0,3.0,3.0,5
2.0,1.0,1.0,4.0,4.0,4.0,4.0,2.0,3.0,5.0,2.0,1.0,3.0,3.0,3.0,3.0,4.0,4.0,2.0,1.0,1.0,4.0,3.0,4.0,1.0,3.0,3.0,2.0,4.0,5.0,5
1.0,1.0,1.0,3.0,1.0,5.0,4.0,4.0,4.0,4.0,3.0,1.0,2.0,2.0,3.0,3.0,4.0,4.0,4.0,2.0,2.0,4.0,5.0,3.0,3.0,2.0,2.0,2.0,2.0,2.0,5
2.0,1.0,2.0,3.0,2.0,5.0,4.0,4.0,5.0,5.0,3.0,3.0,3.0,4.0,4.0,4.0,4.0,4.0,3.0,3.0,3.0,4.0,5.0,4.0,4.0,3.0,3.0,4.0,4.0,4.0,5
2.0,1.0,2.0,3.0,2.0,4.0,4.0,3.0,3.0,3.0,1.0,1.0,1.0,2.0,2.0,3.0,3.0,3.0,2.0,2.0,2.0,4.0,4.0,4.0,2.0,3.0,3.0,3.0,2.0,2.0,5
2.0,1.0,2.0,4.0,2.0,5.0,3.0,4.0,2.0,1.0,1.0,1.0,1.0,1.0,1.0,1.0,1.0,1.0,1.0,1.0,1.0,1.0,5.0,5.0,3.0,1.0,1.0,4.0,4.0,4.0,5
3.0,1.0,1.0,4.0,1.0,4.0,2.0,4.0,4.0,1.0,1.0,1.0,2.0,4.0,2.0,5.0,5.0,5.0,1.0,1.0,2.0,2.0,3.0,2.0,4.0,1.0,4.0,4.0,2.0,3.0,5
2.0,1.0,1.0,2.0,1.0,4.0,5.0,5.0,5.0,4.0,2.0,2.0,2.0,2.0,2.0,4.0,2.0,4.0,2.0,2.0,2.0,5.0,5.0,5.0,5.0,4.0,4.0,4.0,4.0,4.0,5
2.0,1.0,2.0,3.0,1.0,5.0,3.0,4.0,4.0,4.0,1.0,1.0,1.0,4.0,2.0,4.0,4.0,2.0,1.0,1.0,1.0,3.0,4.0,4.0,4.0,4.0,4.0,4.0,4.0,4.0,5
2.0,1.0,1.0,4.0,3.0,5.0,4.0,4.0,4.0,4.0,5.0,5.0,4.0,4.0,4.0,2.0,4.0,4.0,5.0,5.0,4.0,5.0,4.0,4.0,5.0,5.0,4.0,5.0,5.0,5.0,5
2.0,1.0,2.0,3.0,2.0,4.0,4.0,2.0,2.0,1.0,3.0,2.0,2.0,4.0,3.0,2.0,2.0,1.0,2.0,1.0,2.0,4.0,5.0,4.0,4.0,2.0,2.0,2.0,2.0,2.0,5
2.0,1.0,1.0,3.0,1.0,4.0,4.0,4.0,5.0,4.0,2.0,1.0,1.0,4.0,3.0,4.0,2.0,3.0,2.0,2.0,2.0,4.0,4.0,4.0,4.0,3.0,3.0,3.0,3.0,3.0,5
2.0,1.0,2.0,2.0,2.0,4.0,2.0,2.0,1.0,2.0,1.0,1.0,1.0,2.0,2.0,2.0,2.0,2.0,1.0,1.0,1.0,4.0,5.0,4.0,4.0,2.0,2.0,2.0,2.0,2.0,5
3.0,1.0,1.0,3.0,2.0,5.0,4.0,4.0,4.0,3.0,1.0,1.0,4.0,5.0,5.0,1.0,1.0,4.0,3.0,4.0,1.0,4.0,5.0,4.0,4.0,2.0,3.0,3.0,3.0,4.0,5
4.0,1.0,2.0,2.0,2.0,5.0,4.0,5.0,5.0,4.0,2.0,2.0,2.0,5.0,4.0,5.0,5.0,4.0,4.0,4.0,4.0,4.0,4.0,4.0,4.0,2.0,2.0,3.0,3.0,2.0,5
2.0,1.0,1.0,3.0,1.0,4.0,2.0,4.0,2.0,3.0,1.0,1.0,1.0,4.0,2.0,4.0,2.0,3.0,1.0,1.0,1.0,4.0,4.0,4.0,4.0,3.0,4.0,4.0,4.0,4.0,5
1.0,2.0,2.0,3.0,5.0,5.0,4.0,4.0,5.0,5.0,1.0,1.0,2.0,1.0,4.0,2.0,1.0,2.0,2.0,2.0,1.0,5.0,5.0,4.0,4.0,4.0,4.0,5.0,4.0,4.0,1
2.0,1.0,2.0,2.0,2.0,4.0,2.0,4.0,3.0,2.0,3.0,1.0,3.0,1.0,3.0,2.0,3.0,2.0,1.0,4.0,1.0,5.0,5.0,2.0,4.0,2.0,3.0,2.0,3.0,3.0,5
3.0,1.0,2.0,1.0,1.0,5.0,4.0,5.0,4.0,3.0,1.0,1.0,1.0,5.0,4.0,4.0,2.0,1.0,1.0,1.0,1.0,5.0,5.0,4.0,4.0,1.0,1.0,1.0,1.0,1.0,5
2.0,1.0,1.0,4.0,1.0,4.0,2.0,4.0,2.0,2.0,2.0,1.0,2.0,4.0,3.0,3.0,2.0,2.0,1.0,1.0,2.0,4.0,4.0,2.0,3.0,2.0,3.0,2.0,2.0,3.0,5
3.0,1.0,1.0,3.0,1.0,4.0,3.0,3.0,4.0,3.0,1.0,1.0,1.0,2.0,1.0,3.0,4.0,3.0,3.0,4.0,3.0,2.0,2.0,4.0,3.0,1.0,1.0,1.0,1.0,1.0,5
2.0,1.0,1.0,2.0,1.0,5.0,4.0,4.0,4.0,2.0,1.0,1.0,1.0,3.0,3.0,4.0,4.0,4.0,1.0,1.0,1.0,5.0,5.0,4.0,4.0,1.0,4.0,4.0,3.0,4.0,5
2.0,1.0,2.0,3.0,1.0,5.0,5.0,5.0,4.0,4.0,1.0,2.0,2.0,4.0,1.0,4.0,4.0,4.0,1.0,3.0,2.0,4.0,4.0,4.0,4.0,4.0,4.0,4.0,4.0,4.0,5
3.0,1.0,2.0,3.0,1.0,4.0,4.0,4.0,5.0,4.0,1.0,1.0,2.0,3.0,2.0,3.0,4.0,4.0,1.0,2.0,2.0,4.0,5.0,3.0,3.0,2.0,3.0,3.0,4.0,4.0,5
3.0,1.0,4.0,3.0,7.0,5.0,4.0,4.0,2.0,2.0,2.0,2.0,1.0,2.0,3.0,2.0,2.0,5.0,4.0,4.0,1.0,3.0,5.0,5.0,1.0,1.0,4.0,4.0,4.0,4.0,5
1.0,1.0,1.0,3.0,1.0,5.0,4.0,2.0,2.0,2.0,1.0,1.0,2.0,2.0,2.0,4.0,4.0,2.0,1.0,4.0,2.0,5.0,5.0,2.0,5.0,4.0,4.0,5.0,5.0,5.0,5
1.0,2.0,2.0,4.0,2.0,4.0,4.0,5.0,2.0,5.0,2.0,2.0,2.0,4.0,4.0,4.0,2.0,5.0,2.0,2.0,2.0,5.0,5.0,4.0,5.0,2.0,4.0,4.0,2.0,4.0,3
2.0,1.0,2.0,3.0,1.0,5.0,4.0,5.0,4.0,4.0,3.0,1.0,1.0,4.0,3.0,5.0,4.0,4.0,2.0,1.0,1.0,4.0,5.0,5.0,4.0,2.0,3.0,3.0,3.0,3.0,5
2.0,1.0,1.0,4.0,1.0,4.0,3.0,5.0,2.0,5.0,1.0,1.0,1.0,2.0,4.0,4.0,2.0,5.0,2.0,1.0,2.0,4.0,5.0,2.0,2.0,1.0,3.0,3.0,1.0,3.0,5
3.0,1.0,2.0,3.0,6.0,5.0,4.0,5.0,5.0,4.0,2.0,1.0,2.0,4.0,4.0,4.0,4.0,5.0,2.0,3.0,2.0,4.0,5.0,4.0,4.0,3.0,3.0,4.0,4.0,4.0,5
3.0,1.0,2.0,4.0,2.0,4.0,4.0,4.0,4.0,2.0,2.0,1.0,2.0,1.0,1.0,2.0,2.0,1.0,2.0,1.0,2.0,1.0,1.0,3.0,1.0,1.0,1.0,1.0,1.0,1.0,5
3.0,1.0,1.0,2.0,1.0,4.0,3.0,5.0,4.0,4.0,1.0,2.0,2.0,3.0,3.0,3.0,3.0,3.0,3.0,2.0,3.0,3.0,5.0,3.0,3.0,2.0,3.0,2.0,3.0,3.0,5
1.0,2.0,1.0,3.0,5.0,3.0,5.0,4.0,4.0,5.0,2.0,2.0,3.0,3.0,5.0,4.0,4.0,4.0,2.0,2.0,3.0,4.0,4.0,4.0,4.0,4.0,4.0,4.0,4.0,4.0,1
3.0,1.0,1.0,3.0,1.0,5.0,4.0,4.0,2.0,2.0,2.0,1.0,2.0,4.0,2.0,4.0,4.0,2.0,1.0,1.0,2.0,3.0,3.0,4.0,2.0,2.0,2.0,4.0,3.0,3.0,5
3.0,1.0,2.0,3.0,4.0,4.0,3.0,4.0,4.0,3.0,1.0,2.0,3.0,3.0,2.0,4.0,4.0,3.0,1.0,2.0,1.0,3.0,4.0,4.0,3.0,3.0,3.0,3.0,3.0,3.0,5
2.0,1.0,2.0,2.0,1.0,4.0,5.0,4.0,3.0,4.0,1.0,1.0,1.0,1.0,4.0,4.0,4.0,4.0,1.0,4.0,1.0,4.0,4.0,4.0,4.0,2.0,4.0,4.0,4.0,3.0,5
2.0,1.0,2.0,2.0,1.0,5.0,4.0,5.0,5.0,5.0,2.0,2.0,2.0,4.0,4.0,5.0,4.0,5.0,4.0,4.0,4.0,5.0,5.0,5.0,5.0,4.0,5.0,4.0,4.0,5.0,5
2.0,1.0,1.0,3.0,1.0,4.0,4.0,3.0,4.0,4.0,3.0,2.0,2.0,4.0,4.0,4.0,4.0,4.0,3.0,3.0,3.0,3.0,4.0,4.0,4.0,4.0,4.0,4.0,4.0,4.0,5
2.0,1.0,1.0,2.0,1.0,5.0,4.0,5.0,4.0,5.0,1.0,3.0,3.0,2.0,3.0,4.0,4.0,2.0,1.0,2.0,1.0,5.0,5.0,5.0,3.0,2.0,2.0,3.0,3.0,2.0,5
2.0,1.0,1.0,4.0,7.0,5.0,4.0,5.0,5.0,4.0,2.0,3.0,2.0,2.0,3.0,4.0,4.0,2.0,2.0,3.0,3.0,3.0,4.0,5.0,4.0,2.0,4.0,4.0,4.0,3.0,5
3.0,1.0,2.0,3.0,4.0,5.0,4.0,4.0,4.0,4.0,1.0,2.0,4.0,5.0,4.0,4.0,4.0,4.0,1.0,2.0,4.0,4.0,5.0,2.0,3.0,2.0,3.0,3.0,3.0,2.0,5
2.0,1.0,2.0,3.0,2.0,5.0,4.0,4.0,4.0,3.0,2.0,3.0,2.0,4.0,4.0,4.0,4.0,5.0,2.0,4.0,3.0,5.0,5.0,4.0,4.0,4.0,5.0,5.0,5.0,4.0,5
3.0,1.0,1.0,3.0,1.0,5.0,5.0,5.0,4.0,4.0,1.0,1.0,2.0,4.0,4.0,5.0,4.0,5.0,1.0,1.0,2.0,4.0,5.0,4.0,4.0,1.0,1.0,3.0,1.0,2.0,5
3.0,1.0,2.0,2.0,1.0,5.0,2.0,5.0,4.0,5.0,1.0,1.0,2.0,5.0,1.0,4.0,4.0,2.0,1.0,3.0,1.0,5.0,5.0,1.0,4.0,5.0,4.0,3.0,4.0,5.0,5
2.0,1.0,2.0,3.0,4.0,4.0,2.0,4.0,4.0,1.0,1.0,1.0,1.0,4.0,1.0,5.0,5.0,2.0,5.0,5.0,3.0,5.0,5.0,4.0,4.0,3.0,4.0,4.0,4.0,4.0,5
3.0,1.0,2.0,2.0,2.0,4.0,4.0,4.0,2.0,3.0,1.0,1.0,1.0,4.0,4.0,4.0,4.0,4.0,2.0,3.0,3.0,5.0,5.0,3.0,4.0,2.0,4.0,5.0,5.0,4.0,5
2.0,2.0,1.0,3.0,1.0,4.0,4.0,4.0,4.0,4.0,1.0,1.0,2.0,4.0,4.0,4.0,4.0,4.0,2.0,1.0,2.0,4.0,5.0,4.0,5.0,3.0,4.0,4.0,4.0,4.0,0
3.0,1.0,2.0,3.0,7.0,5.0,5.0,4.0,4.0,4.0,3.0,3.0,3.0,2.0,3.0,1.0,3.0,3.0,1.0,1.0,3.0,3.0,3.0,3.0,3.0,3.0,2.0,3.0,3.0,3.0,5
4.0,1.0,1.0,4.0,6.0,5.0,3.0,4.0,4.0,3.0,2.0,2.0,2.0,4.0,3.0,4.0,4.0,4.0,3.0,3.0,5.0,4.0,4.0,3.0,3.0,2.0,3.0,3.0,3.0,4.0,5
2.0,1.0,2.0,3.0,1.0,5.0,5.0,5.0,4.0,4.0,4.0,1.0,2.0,5.0,5.0,5.0,4.0,4.0,4.0,1.0,2.0,5.0,5.0,4.0,4.0,4.0,3.0,4.0,4.0,3.0,5
4.0,1.0,2.0,3.0,6.0,5.0,4.0,5.0,4.0,4.0,2.0,1.0,1.0,5.0,2.0,4.0,4.0,4.0,2.0,2.0,2.0,4.0,4.0,3.0,4.0,2.0,4.0,4.0,4.0,3.0,5
2.0,1.0,1.0,4.0,1.0,4.0,3.0,4.0,4.0,4.0,1.0,3.0,3.0,2.0,1.0,4.0,4.0,3.0,1.0,3.0,2.0,3.0,3.0,4.0,3.0,4.0,3.0,3.0,4.0,3.0,5
2.0,1.0,1.0,4.0,1.0,2.0,1.0,4.0,4.0,2.0,3.0,1.0,1.0,2.0,2.0,4.0,4.0,1.0,4.0,1.0,1.0,4.0,4.0,5.0,4.0,2.0,1.0,4.0,4.0,4.0,5
2.0,1.0,2.0,3.0,2.0,5.0,4.0,5.0,5.0,4.0,1.0,2.0,2.0,5.0,4.0,5.0,5.0,4.0,2.0,4.0,4.0,5.0,5.0,4.0,4.0,4.0,4.0,4.0,4.0,5.0,5
2.0,1.0,1.0,3.0,1.0,4.0,4.0,4.0,4.0,3.0,4.0,4.0,4.0,4.0,3.0,3.0,3.0,2.0,4.0,4.0,4.0,4.0,5.0,4.0,3.0,4.0,4.0,4.0,4.0,4.0,5
3.0,1.0,1.0,3.0,1.0,4.0,4.0,5.0,4.0,2.0,1.0,2.0,2.0,4.0,2.0,3.0,2.0,2.0,4.0,4.0,3.0,5.0,5.0,4.0,5.0,2.0,3.0,4.0,5.0,4.0,5
2.0,2.0,2.0,2.0,1.0,5.0,3.0,3.0,4.0,4.0,1.0,1.0,1.0,4.0,3.0,4.0,4.0,4.0,1.0,1.0,1.0,5.0,5.0,5.0,5.0,4.0,4.0,4.0,3.0,3.0,5
3.0,1.0,1.0,3.0,1.0,5.0,2.0,4.0,5.0,4.0,2.0,2.0,2.0,4.0,1.0,1.0,1.0,4.0,5.0,1.0,4.0,5.0,5.0,5.0,3.0,3.0,4.0,4.0,3.0,2.0,5
3.0,1.0,2.0,3.0,4.0,5.0,3.0,4.0,2.0,1.0,1.0,4.0,1.0,4.0,4.0,4.0,2.0,1.0,1.0,1.0,1.0,3.0,4.0,3.0,3.0,1.0,2.0,2.0,2.0,1.0,5
3.0,1.0,2.0,3.0,2.0,3.0,4.0,4.0,2.0,4.0,2.0,2.0,3.0,2.0,3.0,2.0,2.0,4.0,5.0,5.0,4.0,4.0,5.0,4.0,4.0,4.0,4.0,4.0,4.0,3.0,5
2.0,1.0,2.0,2.0,2.0,4.0,4.0,5.0,5.0,3.0,1.0,1.0,1.0,4.0,4.0,4.0,3.0,5.0,4.0,4.0,4.0,5.0,5.0,5.0,5.0,5.0,4.0,5.0,5.0,5.0,5
1.0,1.0,2.0,4.0,1.0,4.0,5.0,2.0,4.0,4.0,5.0,3.0,2.0,4.0,3.0,3.0,4.0,4.0,4.0,2.0,2.0,4.0,4.0,5.0,3.0,2.0,2.0,3.0,2.0,2.0,5
2.0,2.0,2.0,3.0,1.0,4.0,2.0,3.0,3.0,2.0,1.0,1.0,2.0,4.0,3.0,3.0,3.0,2.0,1.0,1.0,2.0,4.0,5.0,4.0,4.0,2.0,4.0,4.0,4.0,3.0,0
3.0,1.0,1.0,3.0,6.0,5.0,3.0,4.0,3.0,3.0,1.0,1.0,1.0,1.0,3.0,4.0,3.0,4.0,1.0,1.0,1.0,3.0,3.0,3.0,3.0,3.0,3.0,3.0,3.0,3.0,5
3.0,1.0,2.0,4.0,4.0,5.0,5.0,5.0,4.0,4.0,1.0,2.0,1.0,5.0,2.0,4.0,4.0,4.0,1.0,1.0,1.0,3.0,4.0,2.0,3.0,2.0,2.0,3.0,4.0,3.0,5
3.0,1.0,2.0,3.0,2.0,5.0,5.0,5.0,5.0,5.0,2.0,2.0,2.0,5.0,5.0,5.0,5.0,5.0,2.0,2.0,2.0,4.0,5.0,4.0,4.0,4.0,4.0,4.0,4.0,4.0,5
3.0,1.0,2.0,2.0,1.0,4.0,4.0,5.0,4.0,2.0,2.0,3.0,3.0,5.0,4.0,5.0,5.0,4.0,2.0,2.0,3.0,5.0,5.0,5.0,5.0,2.0,2.0,4.0,4.0,4.0,5
3.0,1.0,1.0,3.0,6.0,5.0,4.0,5.0,4.0,5.0,1.0,1.0,1.0,2.0,2.0,3.0,2.0,2.0,1.0,1.0,1.0,4.0,5.0,4.0,2.0,1.0,1.0,1.0,1.0,1.0,5
3.0,1.0,2.0,4.0,4.0,4.0,4.0,4.0,2.0,4.0,4.0,4.0,1.0,4.0,3.0,2.0,3.0,4.0,4.0,4.0,1.0,4.0,4.0,3.0,4.0,3.0,4.0,3.0,3.0,4.0,5
2.0,1.0,1.0,3.0,1.0,5.0,5.0,4.0,5.0,5.0,1.0,1.0,1.0,4.0,4.0,4.0,3.0,4.0,2.0,1.0,2.0,5.0,4.0,5.0,3.0,3.0,3.0,4.0,3.0,4.0,5
2.0,1.0,2.0,4.0,1.0,4.0,4.0,4.0,5.0,2.0,4.0,2.0,4.0,4.0,4.0,4.0,2.0,4.0,3.0,1.0,4.0,5.0,5.0,2.0,4.0,4.0,1.0,1.0,1.0,3.0,5
3.0,1.0,2.0,2.0,4.0,5.0,2.0,5.0,5.0,5.0,4.0,2.0,2.0,4.0,1.0,4.0,4.0,4.0,4.0,2.0,2.0,5.0,5.0,4.0,4.0,4.0,4.0,4.0,5.0,5.0,5
2.0,1.0,1.0,3.0,1.0,4.0,5.0,4.0,4.0,2.0,2.0,2.0,2.0,5.0,3.0,4.0,2.0,1.0,1.0,1.0,1.0,5.0,5.0,1.0,2.0,1.0,1.0,1.0,1.0,1.0,0
2.0,1.0,2.0,3.0,1.0,3.0,4.0,4.0,2.0,2.0,1.0,1.0,1.0,2.0,1.0,4.0,4.0,4.0,2.0,2.0,2.0,4.0,5.0,5.0,4.0,3.0,4.0,5.0,5.0,3.0,5
4.0,1.0,2.0,3.0,6.0,4.0,4.0,3.0,3.0,1.0,1.0,1.0,1.0,2.0,2.0,2.0,2.0,1.0,1.0,1.0,1.0,2.0,4.0,4.0,2.0,2.0,2.0,3.0,2.0,2.0,5
2.0,1.0,2.0,4.0,1.0,5.0,5.0,5.0,5.0,1.0,5.0,2.0,3.0,4.0,5.0,4.0,4.0,4.0,5.0,5.0,5.0,5.0,4.0,5.0,5.0,5.0,5.0,5.0,5.0,5.0,5
3.0,1.0,2.0,2.0,4.0,4.0,4.0,4.0,3.0,4.0,2.0,2.0,2.0,4.0,3.0,4.0,4.0,4.0,2.0,2.0,2.0,4.0,4.0,5.0,5.0,4.0,4.0,4.0,4.0,4.0,5
1.0,1.0,2.0,4.0,1.0,4.0,4.0,3.0,4.0,4.0,2.0,1.0,3.0,2.0,2.0,4.0,4.0,3.0,2.0,1.0,2.0,4.0,4.0,4.0,2.0,4.0,4.0,4.0,4.0,3.0,5
3.0,1.0,2.0,2.0,1.0,4.0,4.0,4.0,5.0,4.0,1.0,1.0,1.0,4.0,4.0,4.0,5.0,5.0,2.0,2.0,2.0,4.0,5.0,4.0,5.0,5.0,5.0,5.0,5.0,4.0,5
2.0,1.0,2.0,3.0,1.0,3.0,4.0,3.0,4.0,4.0,2.0,2.0,4.0,2.0,2.0,2.0,2.0,2.0,4.0,2.0,2.0,4.0,4.0,4.0,2.0,3.0,2.0,2.0,2.0,3.0,5
3.0,1.0,1.0,3.0,1.0,4.0,2.0,5.0,5.0,3.0,2.0,1.0,1.0,4.0,2.0,5.0,4.0,3.0,1.0,1.0,1.0,1.0,2.0,4.0,4.0,1.0,1.0,1.0,2.0,2.0,5
2.0,1.0,1.0,3.0,1.0,4.0,3.0,5.0,5.0,1.0,4.0,2.0,2.0,5.0,4.0,1.0,1.0,4.0,4.0,3.0,1.0,5.0,5.0,5.0,5.0,2.0,4.0,5.0,5.0,5.0,5
3.0,1.0,2.0,4.0,6.0,5.0,4.0,4.0,4.0,5.0,5.0,5.0,4.0,5.0,4.0,4.0,4.0,5.0,4.0,5.0,4.0,4.0,4.0,4.0,4.0,3.0,3.0,4.0,3.0,3.0,5
2.0,1.0,2.0,3.0,1.0,5.0,2.0,2.0,4.0,2.0,3.0,1.0,2.0,4.0,2.0,1.0,1.0,3.0,1.0,1.0,1.0,4.0,4.0,5.0,5.0,4.0,4.0,5.0,5.0,4.0,5
2.0,1.0,1.0,3.0,1.0,4.0,4.0,4.0,4.0,3.0,2.0,1.0,2.0,4.0,3.0,3.0,3.0,3.0,2.0,1.0,1.0,5.0,3.0,3.0,3.0,3.0,3.0,3.0,2.0,3.0,5
3.0,1.0,2.0,4.0,4.0,4.0,3.0,5.0,5.0,2.0,3.0,1.0,3.0,4.0,3.0,4.0,5.0,2.0,3.0,1.0,3.0,2.0,4.0,4.0,3.0,4.0,4.0,5.0,3.0,4.0,5
3.0,1.0,1.0,2.0,1.0,5.0,5.0,5.0,4.0,3.0,1.0,1.0,1.0,5.0,1.0,2.0,1.0,2.0,1.0,2.0,1.0,5.0,5.0,5.0,5.0,2.0,1.0,1.0,1.0,4.0,5
3.0,1.0,2.0,3.0,1.0,5.0,4.0,5.0,4.0,4.0,2.0,2.0,3.0,5.0,4.0,4.0,4.0,2.0,3.0,3.0,2.0,4.0,4.0,5.0,2.0,2.0,2.0,4.0,1.0,2.0,5
4.0,1.0,1.0,2.0,6.0,4.0,4.0,4.0,4.0,4.0,1.0,1.0,1.0,4.0,4.0,4.0,3.0,4.0,1.0,2.0,1.0,3.0,4.0,2.0,2.0,1.0,1.0,1.0,1.0,1.0,5
3.0,2.0,2.0,2.0,1.0,5.0,4.0,4.0,4.0,4.0,2.0,5.0,3.0,4.0,3.0,4.0,5.0,4.0,4.0,5.0,3.0,3.0,4.0,3.0,3.0,5.0,5.0,5.0,5.0,5.0,3
4.0,1.0,1.0,3.0,1.0,4.0,3.0,4.0,4.0,3.0,1.0,1.0,2.0,2.0,3.0,4.0,3.0,4.0,3.0,1.0,2.0,4.0,5.0,3.0,3.0,2.0,2.0,3.0,3.0,2.0,5
1.0,1.0,1.0,4.0,5.0,5.0,3.0,5.0,2.0,2.0,1.0,1.0,2.0,2.0,2.0,1.0,1.0,2.0,3.0,3.0,2.0,5.0,5.0,2.0,4.0,4.0,4.0,5.0,5.0,5.0,5
3.0,1.0,2.0,3.0,6.0,5.0,4.0,2.0,1.0,2.0,2.0,1.0,1.0,4.0,2.0,2.0,1.0,1.0,1.0,1.0,1.0,4.0,5.0,4.0,4.0,1.0,1.0,4.0,4.0,2.0,5
3.0,1.0,2.0,4.0,4.0,5.0,3.0,4.0,4.0,3.0,4.0,4.0,2.0,5.0,4.0,4.0,4.0,3.0,4.0,4.0,2.0,5.0,5.0,5.0,5.0,4.0,4.0,5.0,5.0,5.0,5
2.0,1.0,1.0,2.0,1.0,3.0,2.0,4.0,2.0,2.0,3.0,1.0,2.0,4.0,1.0,3.0,4.0,1.0,2.0,1.0,2.0,5.0,5.0,3.0,4.0,4.0,3.0,4.0,3.0,3.0,5
4.0,1.0,2.0,2.0,2.0,4.0,4.0,3.0,3.0,3.0,2.0,4.0,4.0,4.0,1.0,3.0,3.0,3.0,2.0,4.0,4.0,4.0,4.0,4.0,3.0,3.0,3.0,3.0,3.0,3.0,5
4.0,1.0,1.0,4.0,6.0,5.0,3.0,4.0,4.0,3.0,1.0,2.0,4.0,4.0,4.0,4.0,4.0,3.0,1.0,4.0,4.0,3.0,3.0,3.0,3.0,3.0,3.0,3.0,3.0,3.0,5
3.0,2.0,1.0,2.0,2.0,5.0,4.0,5.0,5.0,3.0,4.0,2.0,4.0,1.0,3.0,2.0,3.0,5.0,3.0,2.0,4.0,5.0,5.0,5.0,5.0,1.0,1.0,3.0,2.0,3.0,0
2.0,2.0,2.0,3.0,1.0,4.0,2.0,5.0,5.0,2.0,1.0,2.0,2.0,1.0,1.0,2.0,4.0,2.0,1.0,1.0,2.0,5.0,5.0,5.0,4.0,2.0,1.0,3.0,1.0,4.0,3
3.0,1.0,1.0,4.0,3.0,4.0,4.0,3.0,4.0,4.0,4.0,1.0,4.0,3.0,3.0,3.0,4.0,4.0,4.0,1.0,4.0,5.0,5.0,4.0,4.0,4.0,4.0,4.0,5.0,4.0,5
2.0,2.0,1.0,3.0,1.0,4.0,2.0,4.0,4.0,4.0,4.0,1.0,2.0,3.0,3.0,4.0,4.0,3.0,3.0,3.0,3.0,4.0,3.0,4.0,4.0,2.0,4.0,3.0,4.0,3.0,0
3.0,1.0,2.0,3.0,4.0,3.0,3.0,4.0,2.0,4.0,1.0,1.0,2.0,2.0,1.0,2.0,2.0,4.0,1.0,1.0,2.0,4.0,4.0,4.0,4.0,2.0,3.0,2.0,3.0,3.0,5
3.0,1.0,2.0,4.0,1.0,4.0,2.0,4.0,3.0,2.0,1.0,3.0,1.0,4.0,1.0,4.0,2.0,2.0,1.0,3.0,1.0,4.0,5.0,4.0,4.0,2.0,2.0,4.0,4.0,2.0,5
3.0,1.0,2.0,3.0,1.0,4.0,3.0,4.0,4.0,4.0,1.0,2.0,2.0,4.0,3.0,4.0,4.0,4.0,4.0,4.0,3.0,4.0,5.0,4.0,5.0,4.0,4.0,5.0,5.0,5.0,5
2.0,1.0,1.0,4.0,3.0,4.0,4.0,4.0,4.0,4.0,3.0,2.0,2.0,4.0,2.0,4.0,4.0,4.0,2.0,2.0,2.0,4.0,4.0,4.0,4.0,4.0,4.0,4.0,4.0,4.0,5
3.0,1.0,2.0,3.0,4.0,5.0,4.0,5.0,5.0,4.0,2.0,1.0,2.0,4.0,3.0,4.0,4.0,2.0,4.0,3.0,3.0,4.0,5.0,4.0,3.0,2.0,2.0,2.0,2.0,1.0,5
3.0,1.0,2.0,3.0,7.0,5.0,4.0,4.0,4.0,3.0,1.0,1.0,1.0,4.0,1.0,3.0,3.0,3.0,1.0,1.0,1.0,2.0,2.0,2.0,2.0,3.0,3.0,3.0,4.0,4.0,5
3.0,1.0,2.0,4.0,1.0,5.0,4.0,4.0,3.0,2.0,1.0,1.0,2.0,4.0,3.0,4.0,2.0,2.0,1.0,2.0,1.0,4.0,4.0,4.0,3.0,3.0,3.0,4.0,4.0,3.0,5
3.0,1.0,2.0,3.0,2.0,5.0,5.0,5.0,5.0,4.0,1.0,1.0,1.0,4.0,4.0,5.0,4.0,5.0,2.0,3.0,3.0,4.0,5.0,4.0,5.0,2.0,2.0,4.0,3.0,3.0,5
2.0,1.0,2.0,4.0,2.0,5.0,4.0,5.0,4.0,4.0,2.0,1.0,1.0,5.0,4.0,5.0,5.0,4.0,2.0,3.0,4.0,4.0,5.0,4.0,3.0,4.0,4.0,4.0,4.0,4.0,5
3.0,1.0,1.0,3.0,6.0,5.0,5.0,4.0,4.0,4.0,1.0,1.0,1.0,5.0,5.0,4.0,4.0,4.0,1.0,1.0,1.0,4.0,4.0,4.0,4.0,4.0,4.0,4.0,4.0,4.0,5
3.0,1.0,2.0,3.0,1.0,5.0,4.0,1.0,2.0,1.0,1.0,1.0,2.0,5.0,4.0,1.0,1.0,1.0,1.0,1.0,2.0,4.0,5.0,4.0,5.0,1.0,1.0,2.0,1.0,2.0,5
4.0,1.0,2.0,4.0,6.0,4.0,4.0,5.0,4.0,3.0,1.0,1.0,1.0,4.0,1.0,2.0,2.0,2.0,1.0,2.0,1.0,2.0,4.0,4.0,5.0,3.0,4.0,4.0,4.0,2.0,5
1.0,1.0,2.0,3.0,1.0,4.0,3.0,4.0,4.0,4.0,1.0,2.0,2.0,3.0,4.0,4.0,4.0,4.0,1.0,3.0,3.0,4.0,4.0,4.0,4.0,4.0,4.0,4.0,4.0,4.0,5
2.0,1.0,1.0,3.0,2.0,4.0,5.0,5.0,4.0,4.0,3.0,2.0,3.0,3.0,5.0,5.0,4.0,4.0,4.0,3.0,3.0,2.0,4.0,4.0,4.0,3.0,4.0,4.0,4.0,4.0,5
4.0,1.0,2.0,2.0,6.0,5.0,2.0,3.0,4.0,3.0,3.0,4.0,2.0,4.0,3.0,3.0,4.0,3.0,2.0,4.0,2.0,5.0,5.0,4.0,4.0,3.0,4.0,3.0,4.0,3.0,5
2.0,1.0,1.0,3.0,1.0,5.0,5.0,5.0,4.0,5.0,1.0,1.0,3.0,1.0,4.0,4.0,2.0,2.0,1.0,1.0,2.0,5.0,5.0,4.0,4.0,1.0,4.0,4.0,5.0,5.0,3
2.0,1.0,1.0,4.0,1.0,5.0,4.0,4.0,2.0,1.0,2.0,1.0,1.0,1.0,1.0,1.0,1.0,1.0,1.0,1.0,1.0,5.0,5.0,4.0,4.0,2.0,2.0,2.0,2.0,2.0,5
2.0,1.0,1.0,3.0,1.0,4.0,4.0,3.0,4.0,4.0,3.0,3.0,2.0,4.0,4.0,4.0,2.0,4.0,2.0,3.0,4.0,3.0,2.0,4.0,4.0,4.0,4.0,4.0,4.0,2.0,5
3.0,1.0,2.0,4.0,1.0,5.0,4.0,4.0,2.0,2.0,2.0,1.0,2.0,4.0,4.0,1.0,2.0,2.0,4.0,4.0,4.0,5.0,5.0,4.0,4.0,4.0,4.0,4.0,4.0,5.0,5
2.0,1.0,1.0,3.0,1.0,5.0,4.0,4.0,4.0,2.0,3.0,1.0,4.0,5.0,4.0,4.0,4.0,2.0,4.0,1.0,4.0,4.0,5.0,4.0,4.0,4.0,4.0,2.0,4.0,2.0,5
1.0,1.0,2.0,3.0,1.0,5.0,5.0,4.0,5.0,4.0,4.0,2.0,4.0,3.0,4.0,4.0,5.0,4.0,2.0,2.0,4.0,4.0,5.0,5.0,4.0,4.0,5.0,4.0,4.0,4.0,5
2.0,1.0,1.0,3.0,1.0,5.0,5.0,5.0,5.0,5.0,1.0,2.0,4.0,5.0,4.0,4.0,4.0,4.0,3.0,3.0,3.0,4.0,4.0,3.0,3.0,3.0,3.0,3.0,4.0,4.0,5
3.0,1.0,2.0,3.0,6.0,4.0,4.0,5.0,3.0,3.0,1.0,1.0,1.0,5.0,1.0,2.0,2.0,4.0,2.0,4.0,2.0,4.0,5.0,4.0,4.0,4.0,4.0,4.0,4.0,4.0,4
2.0,1.0,1.0,4.0,3.0,4.0,3.0,4.0,5.0,2.0,1.0,1.0,2.0,2.0,4.0,2.0,3.0,4.0,2.0,1.0,2.0,5.0,5.0,4.0,3.0,2.0,3.0,2.0,2.0,1.0,5
3.0,1.0,1.0,2.0,2.0,5.0,5.0,4.0,3.0,4.0,3.0,2.0,3.0,3.0,3.0,4.0,3.0,3.0,5.0,4.0,4.0,4.0,3.0,4.0,3.0,2.0,2.0,3.0,2.0,2.0,5
3.0,1.0,1.0,3.0,1.0,5.0,4.0,5.0,4.0,4.0,3.0,2.0,2.0,5.0,4.0,4.0,4.0,4.0,4.0,4.0,2.0,4.0,4.0,2.0,2.0,2.0,2.0,4.0,4.0,3.0,5
3.0,1.0,2.0,3.0,2.0,4.0,4.0,4.0,4.0,2.0,1.0,2.0,2.0,4.0,3.0,3.0,4.0,2.0,2.0,2.0,2.0,4.0,5.0,4.0,4.0,3.0,4.0,4.0,4.0,3.0,5
2.0,2.0,1.0,4.0,1.0,2.0,3.0,2.0,3.0,4.0,4.0,1.0,1.0,4.0,3.0,2.0,3.0,4.0,4.0,1.0,1.0,5.0,4.0,3.0,1.0,3.0,3.0,2.0,2.0,2.0,0
2.0,1.0,1.0,4.0,1.0,5.0,4.0,5.0,4.0,4.0,2.0,2.0,1.0,2.0,5.0,4.0,4.0,4.0,3.0,3.0,1.0,4.0,5.0,5.0,4.0,4.0,5.0,4.0,5.0,4.0,5
3.0,1.0,2.0,3.0,1.0,4.0,4.0,4.0,4.0,4.0,2.0,1.0,2.0,3.0,3.0,3.0,3.0,4.0,3.0,2.0,2.0,4.0,4.0,4.0,3.0,3.0,3.0,4.0,4.0,4.0,5
3.0,1.0,1.0,4.0,7.0,3.0,2.0,4.0,2.0,2.0,1.0,1.0,1.0,2.0,2.0,4.0,2.0,2.0,1.0,1.0,1.0,4.0,5.0,4.0,4.0,4.0,4.0,4.0,4.0,4.0,5
1.0,1.0,1.0,4.0,2.0,5.0,5.0,5.0,5.0,4.0,3.0,3.0,3.0,4.0,4.0,4.0,4.0,5.0,4.0,3.0,3.0,2.0,4.0,4.0,4.0,4.0,4.0,4.0,4.0,1.0,5
4.0,2.0,2.0,3.0,6.0,5.0,4.0,4.0,4.0,2.0,1.0,1.0,1.0,3.0,2.0,4.0,2.0,4.0,1.0,1.0,1.0,5.0,5.0,2.0,2.0,2.0,2.0,2.0,2.0,2.0,5
4.0,1.0,2.0,3.0,6.0,5.0,4.0,5.0,4.0,4.0,1.0,1.0,1.0,5.0,3.0,4.0,4.0,4.0,1.0,1.0,1.0,4.0,5.0,3.0,4.0,2.0,4.0,4.0,4.0,3.0,5
2.0,1.0,2.0,3.0,1.0,3.0,3.0,3.0,4.0,3.0,1.0,1.0,1.0,1.0,1.0,3.0,3.0,3.0,1.0,1.0,1.0,3.0,1.0,3.0,2.0,1.0,1.0,1.0,1.0,1.0,5
1.0,1.0,2.0,3.0,1.0,5.0,5.0,5.0,5.0,4.0,1.0,2.0,3.0,4.0,5.0,5.0,5.0,5.0,4.0,4.0,4.0,5.0,5.0,5.0,5.0,2.0,3.0,3.0,4.0,4.0,5
4.0,1.0,1.0,3.0,1.0,3.0,3.0,3.0,3.0,2.0,4.0,5.0,3.0,3.0,3.0,3.0,3.0,2.0,4.0,5.0,3.0,4.0,3.0,2.0,4.0,2.0,2.0,3.0,2.0,2.0,5
3.0,1.0,1.0,3.0,1.0,4.0,4.0,4.0,4.0,4.0,2.0,2.0,2.0,4.0,3.0,4.0,4.0,3.0,2.0,2.0,3.0,4.0,3.0,4.0,4.0,4.0,4.0,4.0,4.0,4.0,5
2.0,1.0,1.0,2.0,1.0,4.0,3.0,5.0,4.0,2.0,3.0,4.0,2.0,4.0,3.0,5.0,4.0,2.0,4.0,3.0,2.0,4.0,5.0,4.0,4.0,2.0,3.0,3.0,3.0,4.0,5
3.0,1.0,2.0,4.0,3.0,4.0,3.0,5.0,4.0,2.0,1.0,1.0,1.0,4.0,4.0,2.0,1.0,5.0,4.0,2.0,1.0,4.0,5.0,4.0,4.0,2.0,2.0,3.0,3.0,3.0,5
3.0,1.0,2.0,3.0,2.0,2.0,4.0,4.0,4.0,2.0,2.0,2.0,1.0,4.0,2.0,4.0,4.0,2.0,2.0,2.0,1.0,2.0,4.0,4.0,4.0,2.0,2.0,4.0,4.0,3.0,5
4.0,1.0,1.0,3.0,6.0,5.0,4.0,5.0,5.0,5.0,1.0,1.0,1.0,5.0,4.0,5.0,5.0,5.0,1.0,1.0,1.0,4.0,4.0,3.0,3.0,1.0,3.0,4.0,4.0,3.0,5
3.0,1.0,1.0,3.0,1.0,4.0,3.0,4.0,4.0,3.0,2.0,2.0,1.0,4.0,3.0,4.0,4.0,3.0,1.0,1.0,1.0,4.0,3.0,4.0,3.0,2.0,3.0,3.0,3.0,3.0,5
2.0,1.0,1.0,3.0,1.0,4.0,4.0,4.0,4.0,4.0,1.0,2.0,2.0,4.0,3.0,3.0,2.0,2.0,1.0,3.0,2.0,5.0,5.0,5.0,4.0,3.0,4.0,4.0,3.0,4.0,5
3.0,2.0,2.0,4.0,2.0,5.0,4.0,5.0,3.0,4.0,1.0,2.0,1.0,5.0,4.0,4.0,3.0,4.0,1.0,2.0,2.0,5.0,5.0,4.0,4.0,3.0,4.0,4.0,4.0,4.0,5
4.0,1.0,2.0,3.0,6.0,5.0,4.0,4.0,2.0,4.0,2.0,1.0,1.0,4.0,1.0,4.0,4.0,2.0,1.0,1.0,1.0,4.0,5.0,4.0,4.0,2.0,2.0,2.0,2.0,3.0,5
3.0,1.0,1.0,2.0,1.0,5.0,5.0,5.0,5.0,4.0,4.0,4.0,5.0,5.0,5.0,5.0,5.0,4.0,5.0,5.0,5.0,4.0,5.0,4.0,4.0,2.0,3.0,4.0,3.0,2.0,5
4.0,1.0,1.0,3.0,6.0,4.0,4.0,4.0,5.0,5.0,4.0,4.0,4.0,4.0,4.0,4.0,5.0,5.0,4.0,3.0,3.0,4.0,4.0,4.0,5.0,3.0,4.0,4.0,4.0,3.0,5
1.0,1.0,2.0,3.0,1.0,5.0,5.0,5.0,4.0,4.0,1.0,1.0,2.0,4.0,4.0,4.0,4.0,4.0,1.0,1.0,2.0,1.0,1.0,1.0,2.0,3.0,4.0,4.0,4.0,3.0,5
3.0,1.0,1.0,3.0,1.0,4.0,4.0,5.0,4.0,4.0,2.0,2.0,2.0,5.0,4.0,2.0,3.0,3.0,4.0,4.0,3.0,5.0,5.0,4.0,3.0,3.0,4.0,4.0,3.0,4.0,5
4.0,1.0,2.0,2.0,6.0,5.0,2.0,4.0,2.0,2.0,1.0,1.0,1.0,4.0,4.0,5.0,4.0,4.0,1.0,1.0,1.0,4.0,5.0,4.0,3.0,1.0,1.0,3.0,2.0,3.0,5
3.0,2.0,1.0,2.0,1.0,4.0,3.0,2.0,4.0,2.0,4.0,4.0,4.0,3.0,4.0,4.0,5.0,5.0,4.0,4.0,3.0,3.0,2.0,4.0,3.0,4.0,3.0,3.0,4.0,3.0,5
3.0,2.0,2.0,3.0,1.0,5.0,5.0,4.0,4.0,4.0,1.0,1.0,2.0,4.0,4.0,4.0,3.0,3.0,1.0,1.0,1.0,3.0,4.0,4.0,4.0,4.0,4.0,4.0,3.0,3.0,1
2.0,1.0,1.0,4.0,7.0,5.0,4.0,5.0,3.0,3.0,1.0,1.0,2.0,1.0,3.0,3.0,2.0,1.0,2.0,1.0,2.0,5.0,4.0,3.0,5.0,3.0,2.0,2.0,2.0,2.0,5
3.0,1.0,1.0,1.0,1.0,5.0,4.0,5.0,4.0,2.0,1.0,1.0,1.0,4.0,4.0,2.0,4.0,4.0,2.0,2.0,2.0,4.0,5.0,5.0,2.0,1.0,2.0,4.0,4.0,4.0,5
1.0,1.0,2.0,3.0,5.0,4.0,5.0,5.0,4.0,5.0,1.0,1.0,2.0,4.0,4.0,5.0,5.0,4.0,3.0,4.0,3.0,5.0,5.0,4.0,4.0,4.0,4.0,4.0,4.0,5.0,5
2.0,2.0,2.0,3.0,1.0,5.0,4.0,4.0,5.0,5.0,3.0,1.0,1.0,1.0,1.0,1.0,4.0,4.0,1.0,1.0,1.0,5.0,5.0,1.0,1.0,1.0,2.0,1.0,1.0,1.0,1
2.0,2.0,1.0,3.0,1.0,5.0,3.0,4.0,4.0,2.0,4.0,3.0,3.0,4.0,4.0,3.0,3.0,4.0,4.0,3.0,3.0,3.0,3.0,4.0,4.0,4.0,4.0,4.0,4.0,4.0,4
3.0,1.0,1.0,1.0,1.0,5.0,4.0,4.0,4.0,5.0,4.0,1.0,2.0,4.0,4.0,4.0,4.0,5.0,5.0,1.0,2.0,4.0,4.0,5.0,4.0,1.0,2.0,1.0,2.0,2.0,5
3.0,1.0,1.0,3.0,6.0,5.0,4.0,4.0,5.0,3.0,2.0,1.0,2.0,5.0,1.0,4.0,5.0,3.0,2.0,1.0,2.0,4.0,5.0,4.0,4.0,4.0,4.0,4.0,4.0,5.0,5
3.0,1.0,1.0,3.0,1.0,4.0,4.0,4.0,2.0,4.0,1.0,1.0,1.0,4.0,3.0,3.0,2.0,4.0,5.0,3.0,1.0,4.0,4.0,4.0,4.0,2.0,4.0,4.0,4.0,4.0,5
3.0,1.0,2.0,2.0,6.0,2.0,4.0,4.0,2.0,3.0,1.0,1.0,1.0,2.0,2.0,2.0,2.0,2.0,1.0,1.0,1.0,4.0,4.0,4.0,4.0,1.0,1.0,2.0,1.0,1.0,5
3.0,1.0,1.0,2.0,6.0,5.0,4.0,5.0,5.0,4.0,4.0,2.0,5.0,5.0,4.0,5.0,4.0,4.0,5.0,2.0,5.0,4.0,5.0,4.0,4.0,2.0,2.0,4.0,3.0,3.0,5
4.0,1.0,1.0,2.0,1.0,5.0,5.0,4.0,4.0,4.0,4.0,4.0,5.0,4.0,4.0,5.0,4.0,5.0,4.0,5.0,5.0,4.0,4.0,4.0,5.0,4.0,3.0,4.0,5.0,5.0,5
4.0,1.0,2.0,3.0,6.0,4.0,2.0,4.0,4.0,3.0,1.0,4.0,1.0,4.0,3.0,4.0,4.0,3.0,1.0,4.0,1.0,3.0,2.0,4.0,3.0,2.0,3.0,4.0,4.0,4.0,5
3.0,1.0,1.0,3.0,6.0,4.0,4.0,5.0,4.0,5.0,1.0,1.0,1.0,2.0,4.0,4.0,2.0,5.0,2.0,1.0,2.0,1.0,5.0,4.0,4.0,4.0,4.0,5.0,5.0,5.0,5
2.0,2.0,2.0,4.0,1.0,4.0,5.0,5.0,4.0,2.0,3.0,2.0,4.0,4.0,5.0,5.0,4.0,2.0,4.0,3.0,4.0,5.0,4.0,5.0,5.0,4.0,4.0,4.0,5.0,3.0,1
2.0,1.0,1.0,2.0,1.0,5.0,4.0,5.0,5.0,2.0,4.0,3.0,4.0,5.0,4.0,5.0,5.0,2.0,4.0,3.0,4.0,3.0,4.0,5.0,5.0,3.0,4.0,4.0,4.0,2.0,5
3.0,1.0,1.0,4.0,6.0,4.0,3.0,4.0,3.0,3.0,1.0,1.0,1.0,3.0,3.0,3.0,3.0,2.0,4.0,4.0,4.0,4.0,4.0,4.0,3.0,3.0,3.0,2.0,2.0,3.0,5
4.0,1.0,1.0,2.0,6.0,5.0,4.0,4.0,4.0,3.0,1.0,3.0,1.0,3.0,4.0,4.0,4.0,4.0,5.0,4.0,1.0,3.0,3.0,3.0,3.0,3.0,4.0,4.0,4.0,4.0,5
4.0,1.0,2.0,4.0,6.0,4.0,3.0,4.0,3.0,2.0,1.0,1.0,1.0,4.0,3.0,2.0,2.0,2.0,1.0,1.0,1.0,3.0,4.0,5.0,3.0,2.0,2.0,3.0,3.0,2.0,5
2.0,2.0,2.0,2.0,2.0,4.0,5.0,5.0,5.0,4.0,1.0,1.0,1.0,4.0,3.0,4.0,5.0,5.0,4.0,2.0,1.0,4.0,5.0,5.0,5.0,1.0,1.0,1.0,1.0,4.0,0
2.0,2.0,1.0,4.0,3.0,5.0,4.0,5.0,5.0,5.0,1.0,1.0,1.0,3.0,4.0,4.0,4.0,4.0,1.0,1.0,2.0,4.0,5.0,5.0,4.0,1.0,2.0,4.0,4.0,2.0,5
4.0,1.0,1.0,3.0,1.0,4.0,4.0,5.0,5.0,4.0,4.0,2.0,2.0,5.0,4.0,4.0,4.0,3.0,4.0,2.0,2.0,4.0,5.0,5.0,4.0,4.0,3.0,4.0,4.0,5.0,5
3.0,1.0,1.0,2.0,1.0,4.0,3.0,2.0,3.0,4.0,2.0,3.0,2.0,4.0,4.0,3.0,4.0,4.0,3.0,3.0,3.0,4.0,4.0,4.0,4.0,4.0,4.0,4.0,4.0,4.0,5
3.0,1.0,2.0,4.0,2.0,5.0,5.0,5.0,5.0,4.0,2.0,2.0,2.0,3.0,2.0,3.0,2.0,2.0,1.0,2.0,1.0,5.0,5.0,5.0,5.0,3.0,3.0,2.0,3.0,4.0,5
4.0,1.0,1.0,3.0,2.0,4.0,4.0,4.0,4.0,2.0,4.0,3.0,1.0,4.0,2.0,4.0,4.0,2.0,4.0,3.0,1.0,4.0,5.0,4.0,4.0,3.0,2.0,4.0,4.0,3.0,5
2.0,2.0,2.0,2.0,2.0,5.0,4.0,4.0,5.0,2.0,2.0,1.0,3.0,5.0,4.0,4.0,5.0,3.0,2.0,1.0,3.0,4.0,5.0,4.0,3.0,1.0,1.0,2.0,1.0,3.0,3
4.0,1.0,1.0,4.0,6.0,4.0,5.0,4.0,3.0,1.0,1.0,1.0,1.0,4.0,3.0,3.0,1.0,2.0,1.0,1.0,1.0,4.0,4.0,3.0,3.0,1.0,3.0,2.0,2.0,2.0,5
3.0,1.0,1.0,3.0,2.0,5.0,4.0,4.0,4.0,2.0,2.0,2.0,2.0,4.0,4.0,4.0,4.0,4.0,4.0,4.0,2.0,5.0,5.0,4.0,4.0,4.0,4.0,5.0,4.0,4.0,5
3.0,2.0,2.0,4.0,2.0,4.0,4.0,4.0,4.0,3.0,1.0,1.0,1.0,4.0,4.0,4.0,4.0,3.0,1.0,1.0,1.0,5.0,5.0,4.0,5.0,1.0,1.0,3.0,1.0,1.0,1
4.0,1.0,2.0,4.0,6.0,5.0,4.0,4.0,4.0,4.0,1.0,1.0,2.0,5.0,5.0,4.0,4.0,4.0,2.0,2.0,2.0,4.0,5.0,4.0,4.0,2.0,3.0,4.0,4.0,4.0,5
1.0,1.0,1.0,4.0,5.0,5.0,4.0,3.0,5.0,4.0,2.0,2.0,2.0,5.0,4.0,3.0,4.0,4.0,1.0,2.0,3.0,4.0,4.0,3.0,4.0,3.0,4.0,4.0,3.0,3.0,5
3.0,1.0,1.0,3.0,6.0,4.0,4.0,4.0,2.0,4.0,1.0,2.0,2.0,4.0,3.0,4.0,2.0,4.0,2.0,2.0,2.0,4.0,4.0,4.0,4.0,4.0,4.0,5.0,5.0,4.0,5
4.0,1.0,1.0,3.0,1.0,4.0,4.0,4.0,4.0,4.0,2.0,1.0,2.0,4.0,4.0,3.0,3.0,4.0,2.0,1.0,2.0,4.0,5.0,4.0,4.0,3.0,3.0,4.0,4.0,4.0,5
1.0,1.0,1.0,3.0,1.0,4.0,4.0,4.0,4.0,4.0,1.0,2.0,1.0,4.0,4.0,4.0,4.0,4.0,1.0,2.0,1.0,4.0,4.0,4.0,4.0,3.0,3.0,3.0,3.0,3.0,5
3.0,1.0,1.0,4.0,2.0,5.0,2.0,1.0,2.0,2.0,2.0,1.0,2.0,3.0,2.0,2.0,1.0,3.0,1.0,1.0,2.0,4.0,5.0,4.0,4.0,2.0,2.0,2.0,3.0,3.0,5
2.0,1.0,1.0,3.0,5.0,2.0,4.0,4.0,4.0,2.0,1.0,1.0,2.0,2.0,4.0,4.0,4.0,2.0,1.0,1.0,2.0,4.0,5.0,3.0,3.0,1.0,3.0,3.0,3.0,2.0,5
4.0,1.0,2.0,2.0,6.0,3.0,3.0,4.0,3.0,2.0,2.0,1.0,2.0,3.0,3.0,4.0,3.0,2.0,1.0,1.0,1.0,3.0,4.0,3.0,3.0,3.0,3.0,3.0,3.0,3.0,5
4.0,1.0,2.0,3.0,6.0,3.0,3.0,3.0,3.0,4.0,2.0,1.0,1.0,3.0,3.0,3.0,3.0,4.0,2.0,2.0,3.0,5.0,5.0,4.0,4.0,2.0,3.0,4.0,4.0,4.0,5
4.0,1.0,2.0,3.0,2.0,5.0,4.0,4.0,5.0,2.0,1.0,1.0,1.0,5.0,4.0,4.0,5.0,2.0,1.0,1.0,1.0,4.0,5.0,4.0,2.0,1.0,1.0,1.0,1.0,1.0,5
3.0,2.0,1.0,3.0,1.0,5.0,5.0,5.0,3.0,4.0,4.0,3.0,3.0,3.0,4.0,4.0,4.0,4.0,4.0,4.0,4.0,4.0,5.0,5.0,5.0,4.0,4.0,4.0,4.0,4.0,0
1.0,1.0,1.0,3.0,5.0,5.0,2.0,4.0,4.0,2.0,2.0,1.0,2.0,4.0,4.0,4.0,4.0,4.0,3.0,3.0,2.0,4.0,5.0,4.0,4.0,4.0,4.0,4.0,4.0,4.0,5
4.0,1.0,1.0,3.0,6.0,4.0,4.0,4.0,4.0,2.0,1.0,1.0,1.0,2.0,1.0,3.0,2.0,2.0,5.0,5.0,2.0,5.0,5.0,4.0,4.0,2.0,3.0,4.0,5.0,4.0,5
3.0,2.0,1.0,2.0,1.0,5.0,4.0,5.0,4.0,4.0,4.0,2.0,2.0,5.0,5.0,5.0,5.0,4.0,4.0,2.0,2.0,2.0,4.0,2.0,2.0,1.0,4.0,2.0,3.0,4.0,0
4.0,1.0,1.0,3.0,6.0,5.0,4.0,5.0,4.0,4.0,4.0,1.0,3.0,4.0,4.0,5.0,5.0,4.0,4.0,1.0,3.0,4.0,5.0,5.0,4.0,2.0,3.0,4.0,3.0,3.0,4
2.0,2.0,2.0,3.0,2.0,4.0,4.0,4.0,3.0,3.0,2.0,1.0,2.0,4.0,4.0,3.0,3.0,3.0,1.0,1.0,2.0,5.0,5.0,4.0,5.0,3.0,4.0,3.0,3.0,4.0,4
4.0,1.0,1.0,3.0,6.0,4.0,2.0,4.0,2.0,2.0,1.0,1.0,1.0,2.0,3.0,4.0,2.0,1.0,1.0,4.0,1.0,4.0,4.0,4.0,4.0,1.0,1.0,2.0,2.0,1.0,5
4.0,1.0,1.0,3.0,6.0,4.0,3.0,4.0,4.0,2.0,1.0,1.0,1.0,4.0,4.0,4.0,4.0,3.0,1.0,1.0,1.0,4.0,5.0,2.0,1.0,1.0,1.0,1.0,1.0,2.0,5
4.0,1.0,2.0,3.0,6.0,2.0,4.0,5.0,4.0,4.0,1.0,1.0,1.0,5.0,4.0,5.0,4.0,4.0,1.0,3.0,1.0,5.0,5.0,5.0,5.0,2.0,2.0,3.0,3.0,3.0,5
1.0,2.0,1.0,3.0,5.0,5.0,4.0,4.0,4.0,3.0,1.0,1.0,1.0,4.0,4.0,4.0,4.0,3.0,1.0,2.0,2.0,5.0,4.0,5.0,4.0,3.0,3.0,4.0,4.0,4.0,0
4.0,1.0,1.0,3.0,2.0,4.0,4.0,4.0,4.0,4.0,4.0,3.0,3.0,3.0,4.0,4.0,3.0,3.0,2.0,2.0,1.0,4.0,4.0,3.0,3.0,2.0,3.0,3.0,3.0,3.0,5
3.0,1.0,2.0,2.0,6.0,4.0,4.0,4.0,4.0,4.0,3.0,1.0,3.0,4.0,4.0,4.0,4.0,4.0,3.0,1.0,3.0,3.0,4.0,4.0,4.0,3.0,3.0,3.0,3.0,4.0,0
3.0,2.0,1.0,3.0,3.0,5.0,4.0,4.0,4.0,3.0,1.0,1.0,1.0,4.0,4.0,4.0,3.0,2.0,4.0,2.0,4.0,4.0,4.0,5.0,5.0,4.0,4.0,3.0,2.0,2.0,1
1.0,1.0,1.0,3.0,1.0,5.0,5.0,4.0,4.0,4.0,3.0,3.0,3.0,4.0,4.0,4.0,4.0,4.0,3.0,3.0,3.0,5.0,5.0,5.0,5.0,4.0,4.0,4.0,4.0,4.0,3
4.0,1.0,1.0,3.0,6.0,5.0,4.0,4.0,4.0,2.0,1.0,4.0,3.0,5.0,4.0,4.0,4.0,2.0,1.0,4.0,3.0,4.0,4.0,4.0,4.0,3.0,4.0,4.0,4.0,4.0,5
4.0,1.0,1.0,3.0,6.0,5.0,3.0,3.0,4.0,3.0,1.0,1.0,1.0,1.0,1.0,2.0,1.0,2.0,1.0,1.0,1.0,1.0,3.0,4.0,3.0,1.0,1.0,1.0,1.0,1.0,5
2.0,2.0,2.0,3.0,1.0,5.0,4.0,5.0,5.0,5.0,2.0,2.0,4.0,4.0,4.0,5.0,5.0,5.0,2.0,2.0,4.0,3.0,5.0,5.0,4.0,4.0,4.0,4.0,4.0,4.0,0
2.0,1.0,1.0,3.0,1.0,5.0,4.0,4.0,4.0,5.0,2.0,1.0,1.0,2.0,4.0,1.0,1.0,4.0,3.0,1.0,2.0,4.0,5.0,4.0,3.0,1.0,4.0,3.0,4.0,4.0,5
4.0,2.0,1.0,4.0,6.0,5.0,3.0,1.0,3.0,3.0,2.0,4.0,2.0,2.0,3.0,4.0,3.0,3.0,1.0,5.0,2.0,2.0,2.0,4.0,4.0,4.0,4.0,4.0,4.0,4.0,0
3.0,1.0,1.0,3.0,7.0,5.0,4.0,4.0,4.0,4.0,1.0,1.0,1.0,4.0,4.0,4.0,4.0,2.0,1.0,1.0,1.0,2.0,5.0,4.0,4.0,3.0,2.0,2.0,2.0,4.0,5
2.0,2.0,1.0,2.0,2.0,5.0,5.0,5.0,5.0,5.0,2.0,2.0,4.0,4.0,5.0,5.0,4.0,4.0,2.0,2.0,4.0,5.0,5.0,5.0,5.0,4.0,5.0,4.0,4.0,4.0,1
5.0,2.0,1.0,4.0,6.0,3.0,3.0,3.0,3.0,2.0,2.0,1.0,2.0,3.0,3.0,3.0,3.0,2.0,2.0,2.0,1.0,4.0,4.0,4.0,3.0,2.0,2.0,2.0,2.0,2.0,5
4.0,1.0,2.0,3.0,2.0,5.0,5.0,5.0,5.0,5.0,1.0,2.0,1.0,5.0,5.0,5.0,5.0,4.0,2.0,4.0,1.0,5.0,5.0,5.0,5.0,4.0,5.0,5.0,5.0,5.0,5
2.0,1.0,1.0,2.0,1.0,4.0,2.0,5.0,3.0,2.0,4.0,3.0,4.0,5.0,4.0,5.0,2.0,3.0,3.0,1.0,2.0,4.0,2.0,2.0,3.0,2.0,2.0,2.0,1.0,2.0,3
4.0,1.0,2.0,4.0,6.0,5.0,5.0,1.0,2.0,2.0,2.0,2.0,2.0,5.0,5.0,1.0,3.0,2.0,2.0,2.0,2.0,4.0,5.0,5.0,4.0,3.0,4.0,4.0,4.0,4.0,5
1.0,1.0,2.0,3.0,5.0,3.0,3.0,4.0,4.0,4.0,3.0,4.0,3.0,2.0,2.0,2.0,2.0,4.0,4.0,3.0,3.0,4.0,3.0,2.0,2.0,3.0,3.0,3.0,3.0,3.0,5
4.0,1.0,2.0,2.0,6.0,5.0,5.0,5.0,4.0,2.0,2.0,2.0,2.0,1.0,4.0,4.0,2.0,2.0,1.0,2.0,2.0,5.0,5.0,5.0,5.0,2.0,2.0,2.0,2.0,2.0,5
3.0,2.0,2.0,3.0,1.0,4.0,4.0,5.0,5.0,4.0,3.0,2.0,2.0,4.0,4.0,4.0,2.0,2.0,2.0,1.0,2.0,4.0,5.0,2.0,4.0,2.0,2.0,4.0,4.0,2.0,0
4.0,1.0,2.0,2.0,6.0,4.0,2.0,1.0,1.0,2.0,2.0,1.0,1.0,3.0,3.0,1.0,1.0,3.0,2.0,2.0,1.0,5.0,5.0,3.0,4.0,1.0,1.0,2.0,2.0,2.0,5
1.0,1.0,1.0,3.0,5.0,4.0,3.0,2.0,1.0,3.0,3.0,2.0,2.0,1.0,1.0,1.0,1.0,1.0,5.0,5.0,5.0,4.0,5.0,4.0,4.0,4.0,3.0,3.0,4.0,3.0,5
4.0,1.0,2.0,4.0,6.0,5.0,5.0,4.0,4.0,5.0,2.0,2.0,2.0,5.0,5.0,4.0,4.0,5.0,2.0,2.0,2.0,4.0,5.0,3.0,3.0,2.0,2.0,4.0,5.0,5.0,5
3.0,2.0,2.0,3.0,1.0,5.0,4.0,5.0,5.0,4.0,2.0,3.0,4.0,4.0,4.0,5.0,4.0,4.0,2.0,4.0,4.0,4.0,5.0,2.0,3.0,4.0,4.0,3.0,4.0,3.0,3
4.0,1.0,1.0,3.0,6.0,4.0,2.0,3.0,4.0,2.0,4.0,2.0,4.0,2.0,2.0,3.0,4.0,1.0,4.0,2.0,4.0,4.0,3.0,4.0,4.0,2.0,2.0,2.0,2.0,2.0,5
3.0,2.0,1.0,2.0,2.0,5.0,5.0,5.0,5.0,4.0,1.0,4.0,4.0,4.0,4.0,4.0,4.0,4.0,2.0,5.0,5.0,5.0,5.0,5.0,5.0,4.0,4.0,4.0,4.0,4.0,3
2.0,2.0,1.0,3.0,3.0,5.0,4.0,4.0,4.0,4.0,1.0,2.0,2.0,4.0,3.0,4.0,3.0,3.0,2.0,2.0,2.0,4.0,4.0,4.0,4.0,3.0,2.0,2.0,4.0,2.0,5
3.0,2.0,2.0,4.0,1.0,4.0,3.0,3.0,2.0,2.0,4.0,4.0,2.0,3.0,1.0,2.0,4.0,3.0,4.0,3.0,3.0,3.0,4.0,4.0,3.0,4.0,2.0,3.0,3.0,3.0,5
4.0,1.0,2.0,3.0,6.0,4.0,4.0,4.0,3.0,4.0,1.0,1.0,1.0,5.0,4.0,4.0,5.0,5.0,5.0,3.0,1.0,3.0,5.0,4.0,3.0,3.0,3.0,3.0,3.0,3.0,5
1.0,2.0,2.0,3.0,1.0,5.0,4.0,5.0,5.0,4.0,2.0,1.0,1.0,2.0,4.0,4.0,2.0,4.0,1.0,1.0,1.0,4.0,5.0,2.0,4.0,1.0,1.0,4.0,2.0,3.0,0
2.0,1.0,2.0,3.0,2.0,3.0,2.0,2.0,2.0,4.0,2.0,1.0,2.0,2.0,3.0,2.0,2.0,3.0,2.0,1.0,2.0,3.0,4.0,4.0,3.0,2.0,2.0,3.0,4.0,3.0,5
3.0,2.0,1.0,2.0,1.0,5.0,4.0,5.0,5.0,4.0,3.0,2.0,3.0,4.0,5.0,2.0,5.0,4.0,3.0,2.0,4.0,5.0,5.0,4.0,2.0,4.0,4.0,3.0,4.0,4.0,1
4.0,1.0,1.0,3.0,6.0,4.0,3.0,4.0,3.0,3.0,4.0,5.0,4.0,4.0,3.0,3.0,3.0,3.0,4.0,5.0,4.0,4.0,5.0,4.0,4.0,4.0,5.0,5.0,4.0,3.0,5
3.0,1.0,1.0,2.0,1.0,5.0,5.0,5.0,5.0,5.0,4.0,3.0,2.0,4.0,4.0,5.0,5.0,4.0,2.0,2.0,2.0,5.0,5.0,5.0,5.0,3.0,5.0,4.0,4.0,3.0,5
4.0,1.0,2.0,4.0,6.0,5.0,4.0,4.0,5.0,5.0,4.0,4.0,3.0,5.0,4.0,4.0,5.0,4.0,4.0,4.0,4.0,4.0,5.0,5.0,3.0,2.0,4.0,3.0,5.0,4.0,5
1.0,2.0,2.0,3.0,1.0,4.0,4.0,4.0,4.0,4.0,4.0,4.0,4.0,2.0,2.0,4.0,3.0,5.0,3.0,4.0,4.0,4.0,4.0,4.0,2.0,4.0,4.0,4.0,4.0,3.0,0
4.0,1.0,1.0,3.0,6.0,4.0,3.0,4.0,4.0,2.0,1.0,1.0,1.0,1.0,1.0,1.0,1.0,2.0,3.0,3.0,3.0,3.0,3.0,3.0,3.0,4.0,4.0,4.0,4.0,4.0,5
2.0,1.0,2.0,3.0,1.0,5.0,4.0,4.0,4.0,2.0,2.0,2.0,2.0,4.0,2.0,2.0,2.0,4.0,5.0,5.0,1.0,4.0,4.0,4.0,4.0,4.0,4.0,4.0,4.0,3.0,5
4.0,1.0,1.0,2.0,6.0,4.0,5.0,5.0,5.0,5.0,2.0,1.0,1.0,4.0,4.0,4.0,5.0,5.0,2.0,2.0,3.0,5.0,5.0,4.0,5.0,3.0,4.0,4.0,3.0,5.0,5
1.0,1.0,1.0,3.0,1.0,4.0,2.0,4.0,4.0,2.0,2.0,1.0,3.0,4.0,2.0,4.0,4.0,2.0,1.0,1.0,3.0,4.0,2.0,4.0,2.0,4.0,2.0,4.0,2.0,1.0,5
3.0,2.0,2.0,2.0,1.0,5.0,4.0,5.0,5.0,4.0,2.0,2.0,4.0,5.0,4.0,4.0,5.0,4.0,3.0,2.0,2.0,5.0,5.0,5.0,5.0,4.0,5.0,5.0,5.0,5.0,0
4.0,1.0,1.0,2.0,6.0,5.0,4.0,5.0,4.0,5.0,2.0,2.0,2.0,5.0,5.0,5.0,5.0,4.0,2.0,2.0,2.0,4.0,5.0,5.0,5.0,2.0,3.0,3.0,4.0,4.0,5
2.0,1.0,2.0,3.0,1.0,3.0,4.0,5.0,4.0,4.0,1.0,1.0,1.0,4.0,5.0,5.0,4.0,5.0,1.0,1.0,1.0,4.0,4.0,4.0,4.0,4.0,4.0,4.0,4.0,4.0,5
2.0,2.0,1.0,2.0,1.0,5.0,4.0,4.0,5.0,4.0,1.0,1.0,1.0,4.0,4.0,4.0,4.0,5.0,1.0,1.0,1.0,4.0,4.0,4.0,4.0,1.0,1.0,1.0,2.0,1.0,4
4.0,1.0,1.0,4.0,6.0,4.0,4.0,5.0,4.0,4.0,2.0,1.0,1.0,4.0,4.0,4.0,4.0,4.0,1.0,2.0,2.0,4.0,5.0,4.0,3.0,3.0,3.0,3.0,4.0,3.0,5
1.0,2.0,2.0,2.0,5.0,2.0,4.0,4.0,4.0,4.0,2.0,2.0,3.0,4.0,4.0,4.0,4.0,4.0,2.0,2.0,3.0,4.0,5.0,4.0,4.0,2.0,3.0,4.0,3.0,2.0,4
5.0,1.0,2.0,4.0,6.0,5.0,4.0,5.0,5.0,2.0,3.0,3.0,2.0,4.0,2.0,3.0,2.0,2.0,4.0,4.0,2.0,4.0,4.0,5.0,5.0,4.0,3.0,3.0,4.0,4.0,5
1.0,1.0,1.0,3.0,1.0,4.0,3.0,4.0,4.0,4.0,3.0,1.0,3.0,4.0,4.0,4.0,4.0,4.0,1.0,1.0,2.0,4.0,3.0,4.0,3.0,4.0,3.0,4.0,4.0,3.0,5
2.0,2.0,1.0,2.0,1.0,4.0,4.0,4.0,4.0,4.0,1.0,1.0,1.0,4.0,4.0,4.0,5.0,4.0,1.0,1.0,1.0,4.0,4.0,2.0,1.0,1.0,1.0,1.0,1.0,1.0,4
4.0,1.0,2.0,2.0,6.0,5.0,5.0,5.0,2.0,2.0,1.0,1.0,1.0,4.0,3.0,2.0,2.0,5.0,1.0,4.0,1.0,5.0,5.0,4.0,3.0,4.0,4.0,3.0,4.0,3.0,5
4.0,1.0,1.0,1.0,6.0,5.0,4.0,5.0,3.0,4.0,3.0,3.0,1.0,1.0,2.0,4.0,3.0,4.0,3.0,3.0,1.0,4.0,5.0,4.0,4.0,3.0,4.0,4.0,4.0,5.0,5
1.0,1.0,1.0,3.0,5.0,4.0,5.0,4.0,4.0,3.0,1.0,1.0,2.0,4.0,4.0,3.0,4.0,2.0,1.0,1.0,2.0,5.0,5.0,4.0,5.0,4.0,4.0,5.0,4.0,4.0,5
5.0,1.0,1.0,3.0,6.0,5.0,4.0,5.0,4.0,4.0,1.0,1.0,1.0,4.0,4.0,1.0,1.0,4.0,1.0,1.0,4.0,4.0,4.0,5.0,4.0,3.0,4.0,3.0,3.0,3.0,5
4.0,1.0,2.0,4.0,6.0,5.0,3.0,4.0,4.0,1.0,1.0,1.0,3.0,5.0,4.0,4.0,3.0,5.0,1.0,2.0,3.0,3.0,5.0,5.0,4.0,4.0,4.0,4.0,5.0,5.0,5
4.0,2.0,2.0,4.0,6.0,4.0,4.0,4.0,4.0,2.0,2.0,2.0,2.0,3.0,4.0,2.0,2.0,4.0,4.0,4.0,4.0,4.0,4.0,4.0,4.0,4.0,4.0,4.0,4.0,4.0,0
2.0,2.0,1.0,3.0,1.0,1.0,4.0,4.0,5.0,4.0,2.0,2.0,2.0,4.0,5.0,5.0,5.0,4.0,2.0,2.0,2.0,5.0,5.0,5.0,5.0,4.0,5.0,5.0,4.0,4.0,1
4.0,1.0,2.0,3.0,2.0,5.0,5.0,5.0,4.0,4.0,2.0,2.0,4.0,5.0,4.0,4.0,4.0,4.0,3.0,3.0,4.0,4.0,4.0,4.0,4.0,4.0,5.0,4.0,5.0,5.0,5
3.0,1.0,2.0,3.0,1.0,5.0,5.0,5.0,5.0,4.0,1.0,1.0,2.0,5.0,5.0,5.0,5.0,5.0,4.0,2.0,2.0,4.0,5.0,5.0,4.0,2.0,5.0,5.0,5.0,5.0,5
5.0,1.0,2.0,3.0,6.0,5.0,4.0,5.0,5.0,4.0,1.0,3.0,2.0,2.0,3.0,4.0,4.0,4.0,2.0,4.0,4.0,4.0,5.0,4.0,4.0,3.0,4.0,4.0,4.0,4.0,5
3.0,2.0,2.0,4.0,2.0,4.0,3.0,4.0,4.0,5.0,2.0,1.0,1.0,4.0,4.0,4.0,4.0,4.0,5.0,5.0,3.0,3.0,4.0,5.0,4.0,4.0,4.0,4.0,4.0,5.0,0
4.0,1.0,2.0,3.0,6.0,5.0,5.0,5.0,5.0,4.0,1.0,1.0,2.0,4.0,4.0,5.0,5.0,5.0,1.0,4.0,4.0,4.0,5.0,5.0,5.0,3.0,3.0,2.0,4.0,5.0,5
4.0,1.0,2.0,4.0,6.0,5.0,4.0,5.0,4.0,2.0,1.0,1.0,2.0,2.0,2.0,2.0,2.0,2.0,4.0,3.0,1.0,5.0,5.0,4.0,4.0,4.0,4.0,3.0,4.0,4.0,5
4.0,1.0,2.0,4.0,6.0,4.0,4.0,5.0,4.0,2.0,1.0,1.0,1.0,5.0,5.0,5.0,4.0,5.0,4.0,4.0,4.0,4.0,5.0,4.0,4.0,4.0,3.0,4.0,5.0,4.0,5
2.0,1.0,2.0,3.0,1.0,5.0,4.0,3.0,5.0,4.0,2.0,1.0,2.0,4.0,4.0,4.0,5.0,4.0,2.0,1.0,2.0,5.0,5.0,4.0,4.0,2.0,3.0,4.0,4.0,2.0,4
3.0,2.0,2.0,4.0,4.0,4.0,4.0,5.0,4.0,3.0,1.0,1.0,1.0,5.0,5.0,4.0,4.0,4.0,2.0,2.0,2.0,5.0,5.0,4.0,4.0,4.0,3.0,4.0,4.0,4.0,4
4.0,1.0,2.0,4.0,6.0,2.0,2.0,2.0,2.0,2.0,3.0,1.0,1.0,1.0,3.0,2.0,1.0,1.0,3.0,4.0,1.0,3.0,3.0,4.0,4.0,4.0,3.0,4.0,5.0,3.0,4
3.0,2.0,1.0,2.0,1.0,5.0,4.0,2.0,3.0,4.0,3.0,4.0,4.0,2.0,2.0,1.0,2.0,1.0,2.0,5.0,2.0,4.0,2.0,4.0,4.0,3.0,4.0,4.0,5.0,3.0,3
3.0,2.0,1.0,2.0,1.0,5.0,5.0,4.0,5.0,5.0,5.0,5.0,2.0,5.0,5.0,3.0,5.0,5.0,5.0,5.0,5.0,5.0,5.0,5.0,5.0,4.0,4.0,4.0,5.0,5.0,4
4.0,2.0,2.0,2.0,6.0,5.0,4.0,5.0,4.0,5.0,2.0,2.0,2.0,5.0,4.0,5.0,4.0,4.0,2.0,2.0,2.0,2.0,2.0,1.0,1.0,4.0,4.0,4.0,5.0,5.0,1
1.0,2.0,1.0,2.0,1.0,5.0,5.0,4.0,5.0,4.0,4.0,1.0,4.0,4.0,5.0,4.0,4.0,4.0,4.0,1.0,4.0,4.0,4.0,4.0,5.0,4.0,4.0,5.0,5.0,5.0,4
4.0,2.0,1.0,3.0,6.0,4.0,4.0,5.0,4.0,2.0,2.0,1.0,2.0,4.0,4.0,4.0,5.0,4.0,4.0,1.0,2.0,4.0,5.0,4.0,5.0,3.0,3.0,4.0,4.0,3.0,1
3.0,1.0,1.0,4.0,1.0,4.0,3.0,4.0,4.0,4.0,1.0,2.0,2.0,4.0,4.0,4.0,4.0,4.0,1.0,2.0,2.0,4.0,4.0,3.0,4.0,3.0,4.0,4.0,3.0,3.0,4
1.0,1.0,1.0,2.0,1.0,5.0,4.0,5.0,5.0,2.0,3.0,2.0,3.0,2.0,4.0,2.0,2.0,4.0,4.0,2.0,3.0,4.0,5.0,4.0,4.0,4.0,3.0,4.0,4.0,4.0,2
3.0,1.0,1.0,4.0,1.0,2.0,4.0,5.0,2.0,4.0,1.0,1.0,1.0,2.0,4.0,4.0,4.0,4.0,2.0,4.0,2.0,5.0,5.0,4.0,4.0,2.0,2.0,5.0,4.0,5.0,2
1.0,2.0,2.0,4.0,5.0,5.0,4.0,4.0,4.0,3.0,2.0,1.0,2.0,4.0,4.0,4.0,4.0,3.0,2.0,1.0,2.0,4.0,5.0,5.0,4.0,3.0,3.0,4.0,4.0,4.0,0
1.0,1.0,2.0,4.0,2.0,4.0,4.0,5.0,5.0,3.0,1.0,1.0,1.0,1.0,4.0,5.0,5.0,4.0,1.0,1.0,3.0,5.0,5.0,4.0,3.0,4.0,3.0,5.0,3.0,1.0,5
2.0,1.0,2.0,3.0,5.0,5.0,2.0,4.0,4.0,2.0,2.0,1.0,1.0,2.0,5.0,2.0,4.0,4.0,4.0,2.0,5.0,5.0,5.0,4.0,4.0,2.0,2.0,4.0,4.0,4.0,5
3.0,1.0,2.0,3.0,2.0,4.0,4.0,4.0,4.0,4.0,2.0,1.0,2.0,4.0,4.0,4.0,4.0,4.0,2.0,2.0,2.0,3.0,4.0,4.0,3.0,2.0,4.0,4.0,4.0,4.0,5
3.0,1.0,1.0,3.0,2.0,5.0,5.0,5.0,5.0,5.0,4.0,2.0,1.0,5.0,5.0,4.0,4.0,3.0,3.0,1.0,2.0,5.0,5.0,5.0,4.0,3.0,2.0,4.0,4.0,3.0,5
1.0,1.0,2.0,2.0,1.0,4.0,4.0,4.0,3.0,4.0,2.0,5.0,5.0,4.0,3.0,4.0,3.0,3.0,4.0,4.0,4.0,4.0,4.0,4.0,4.0,3.0,4.0,3.0,3.0,4.0,5
2.0,1.0,1.0,3.0,1.0,4.0,4.0,3.0,3.0,3.0,1.0,1.0,1.0,2.0,2.0,1.0,3.0,3.0,3.0,4.0,3.0,4.0,5.0,4.0,4.0,3.0,2.0,3.0,3.0,3.0,5
2.0,1.0,1.0,2.0,1.0,4.0,4.0,4.0,3.0,4.0,4.0,3.0,4.0,5.0,5.0,4.0,4.0,3.0,4.0,3.0,4.0,4.0,4.0,3.0,3.0,4.0,4.0,3.0,2.0,3.0,5
4.0,1.0,1.0,2.0,6.0,4.0,4.0,4.0,4.0,4.0,1.0,1.0,1.0,3.0,4.0,4.0,4.0,3.0,1.0,1.0,1.0,2.0,4.0,2.0,1.0,1.0,1.0,1.0,1.0,1.0,5
2.0,1.0,1.0,3.0,1.0,5.0,4.0,4.0,4.0,2.0,1.0,1.0,2.0,1.0,2.0,2.0,2.0,2.0,1.0,1.0,1.0,4.0,5.0,4.0,5.0,4.0,4.0,4.0,4.0,3.0,5
2.0,1.0,1.0,2.0,1.0,4.0,4.0,5.0,3.0,4.0,4.0,3.0,4.0,4.0,5.0,5.0,4.0,4.0,4.0,3.0,4.0,4.0,4.0,4.0,4.0,4.0,4.0,4.0,5.0,3.0,5
3.0,1.0,2.0,4.0,4.0,4.0,4.0,5.0,4.0,2.0,1.0,2.0,2.0,4.0,4.0,4.0,4.0,2.0,1.0,2.0,2.0,4.0,4.0,4.0,4.0,4.0,4.0,4.0,4.0,4.0,5
3.0,1.0,1.0,3.0,1.0,4.0,4.0,4.0,4.0,3.0,4.0,1.0,2.0,3.0,3.0,4.0,4.0,3.0,4.0,1.0,2.0,3.0,4.0,3.0,2.0,2.0,2.0,3.0,2.0,2.0,5
2.0,1.0,1.0,4.0,1.0,5.0,5.0,5.0,5.0,4.0,2.0,3.0,3.0,5.0,4.0,4.0,2.0,4.0,3.0,3.0,3.0,4.0,5.0,2.0,2.0,5.0,4.0,5.0,4.0,4.0,5
2.0,1.0,1.0,4.0,3.0,4.0,4.0,2.0,4.0,2.0,2.0,3.0,2.0,4.0,2.0,2.0,4.0,4.0,3.0,1.0,2.0,4.0,2.0,1.0,4.0,4.0,4.0,4.0,2.0,4.0,5
2.0,1.0,2.0,3.0,1.0,4.0,4.0,3.0,2.0,3.0,2.0,1.0,1.0,4.0,3.0,3.0,2.0,3.0,2.0,1.0,1.0,4.0,4.0,3.0,1.0,1.0,1.0,1.0,1.0,1.0,5
3.0,1.0,1.0,3.0,1.0,4.0,3.0,4.0,4.0,2.0,1.0,1.0,1.0,2.0,3.0,3.0,3.0,2.0,1.0,1.0,1.0,3.0,3.0,3.0,3.0,2.0,2.0,2.0,2.0,2.0,5
4.0,1.0,1.0,2.0,1.0,5.0,4.0,5.0,4.0,5.0,5.0,5.0,5.0,5.0,4.0,5.0,4.0,5.0,5.0,5.0,5.0,5.0,5.0,5.0,5.0,4.0,4.0,5.0,5.0,4.0,5
2.0,1.0,2.0,3.0,1.0,5.0,5.0,5.0,5.0,5.0,5.0,1.0,5.0,4.0,4.0,4.0,4.0,4.0,5.0,1.0,5.0,4.0,5.0,3.0,3.0,2.0,2.0,4.0,4.0,3.0,5
1.0,2.0,2.0,4.0,3.0,4.0,3.0,4.0,4.0,2.0,1.0,1.0,4.0,2.0,1.0,1.0,1.0,1.0,1.0,1.0,3.0,5.0,5.0,3.0,3.0,1.0,1.0,1.0,1.0,1.0,5
2.0,2.0,1.0,3.0,1.0,4.0,4.0,4.0,4.0,5.0,3.0,3.0,4.0,4.0,4.0,4.0,4.0,5.0,3.0,3.0,4.0,4.0,4.0,4.0,4.0,4.0,4.0,5.0,4.0,4.0,5
2.0,1.0,2.0,3.0,2.0,4.0,4.0,4.0,4.0,4.0,3.0,2.0,4.0,2.0,4.0,4.0,4.0,4.0,3.0,2.0,4.0,4.0,4.0,4.0,3.0,2.0,2.0,3.0,2.0,2.0,5
2.0,2.0,2.0,3.0,1.0,3.0,3.0,2.0,2.0,3.0,2.0,1.0,2.0,2.0,3.0,2.0,3.0,3.0,2.0,2.0,2.0,3.0,3.0,3.0,2.0,2.0,2.0,3.0,4.0,4.0,0
2.0,1.0,2.0,2.0,1.0,4.0,4.0,4.0,5.0,3.0,4.0,5.0,3.0,2.0,4.0,5.0,4.0,5.0,3.0,5.0,5.0,4.0,4.0,4.0,4.0,2.0,2.0,4.0,2.0,3.0,5
2.0,1.0,2.0,4.0,3.0,4.0,3.0,4.0,4.0,4.0,2.0,1.0,2.0,2.0,2.0,1.0,2.0,3.0,3.0,1.0,4.0,4.0,4.0,4.0,3.0,1.0,1.0,1.0,1.0,1.0,5
2.0,1.0,2.0,4.0,1.0,5.0,4.0,4.0,4.0,2.0,2.0,2.0,1.0,5.0,4.0,4.0,4.0,2.0,3.0,3.0,1.0,5.0,5.0,5.0,5.0,4.0,4.0,4.0,4.0,4.0,5
1.0,1.0,2.0,2.0,2.0,4.0,4.0,4.0,4.0,2.0,3.0,1.0,4.0,4.0,3.0,4.0,4.0,2.0,3.0,2.0,4.0,5.0,4.0,5.0,5.0,3.0,4.0,4.0,5.0,3.0,5
2.0,1.0,1.0,4.0,3.0,4.0,4.0,4.0,4.0,4.0,1.0,1.0,1.0,4.0,4.0,4.0,4.0,4.0,1.0,1.0,1.0,4.0,5.0,4.0,3.0,1.0,3.0,1.0,1.0,1.0,5
3.0,1.0,1.0,3.0,1.0,4.0,4.0,4.0,4.0,4.0,1.0,1.0,1.0,4.0,4.0,4.0,4.0,4.0,1.0,1.0,1.0,4.0,4.0,4.0,4.0,1.0,1.0,3.0,2.0,2.0,5
4.0,1.0,2.0,2.0,6.0,4.0,4.0,4.0,4.0,4.0,1.0,1.0,2.0,4.0,4.0,4.0,4.0,4.0,1.0,1.0,2.0,4.0,4.0,4.0,4.0,3.0,3.0,4.0,4.0,4.0,5
3.0,1.0,1.0,2.0,6.0,5.0,4.0,4.0,4.0,4.0,2.0,2.0,2.0,2.0,3.0,4.0,3.0,2.0,4.0,3.0,4.0,4.0,5.0,4.0,4.0,2.0,2.0,2.0,2.0,2.0,5
2.0,1.0,2.0,3.0,2.0,5.0,4.0,4.0,4.0,4.0,3.0,3.0,4.0,4.0,4.0,3.0,5.0,4.0,4.0,4.0,4.0,4.0,4.0,3.0,3.0,3.0,3.0,2.0,2.0,3.0,5
2.0,1.0,2.0,3.0,2.0,4.0,3.0,3.0,4.0,4.0,1.0,1.0,1.0,4.0,3.0,3.0,4.0,4.0,1.0,1.0,1.0,4.0,5.0,3.0,4.0,2.0,3.0,4.0,4.0,4.0,5
1.0,1.0,1.0,3.0,5.0,4.0,4.0,4.0,4.0,2.0,4.0,3.0,4.0,5.0,5.0,5.0,5.0,4.0,5.0,3.0,4.0,4.0,4.0,4.0,5.0,3.0,4.0,4.0,4.0,4.0,5
3.0,1.0,2.0,3.0,2.0,3.0,3.0,2.0,4.0,4.0,1.0,1.0,1.0,2.0,4.0,2.0,4.0,4.0,1.0,1.0,1.0,4.0,4.0,4.0,4.0,2.0,2.0,2.0,2.0,2.0,5
2.0,1.0,2.0,3.0,1.0,4.0,4.0,3.0,2.0,3.0,3.0,2.0,2.0,5.0,4.0,3.0,3.0,2.0,2.0,2.0,2.0,5.0,5.0,3.0,5.0,5.0,5.0,5.0,4.0,4.0,5
3.0,1.0,2.0,4.0,2.0,2.0,4.0,2.0,4.0,4.0,2.0,1.0,2.0,1.0,5.0,4.0,4.0,5.0,4.0,4.0,4.0,4.0,5.0,4.0,4.0,4.0,2.0,4.0,4.0,4.0,5
2.0,1.0,1.0,4.0,3.0,2.0,3.0,4.0,3.0,4.0,3.0,1.0,1.0,2.0,3.0,4.0,3.0,4.0,3.0,1.0,1.0,4.0,3.0,4.0,4.0,4.0,5.0,4.0,3.0,4.0,5
3.0,1.0,1.0,3.0,1.0,4.0,4.0,4.0,5.0,4.0,2.0,2.0,3.0,4.0,4.0,4.0,5.0,4.0,2.0,2.0,3.0,3.0,5.0,4.0,3.0,3.0,2.0,2.0,2.0,3.0,5
3.0,1.0,1.0,2.0,1.0,5.0,4.0,4.0,4.0,3.0,2.0,2.0,2.0,4.0,4.0,2.0,3.0,5.0,5.0,5.0,5.0,3.0,3.0,3.0,3.0,4.0,4.0,4.0,4.0,4.0,5
2.0,1.0,2.0,2.0,1.0,4.0,4.0,4.0,4.0,4.0,3.0,3.0,3.0,4.0,4.0,4.0,4.0,4.0,3.0,3.0,3.0,3.0,5.0,4.0,3.0,4.0,4.0,4.0,4.0,4.0,5
3.0,1.0,2.0,3.0,6.0,5.0,5.0,5.0,5.0,4.0,2.0,1.0,2.0,5.0,5.0,5.0,5.0,4.0,1.0,1.0,1.0,4.0,5.0,4.0,5.0,1.0,1.0,1.0,1.0,1.0,5
3.0,1.0,1.0,3.0,1.0,5.0,4.0,4.0,5.0,4.0,1.0,1.0,1.0,4.0,1.0,5.0,4.0,4.0,2.0,1.0,2.0,5.0,5.0,4.0,4.0,2.0,2.0,3.0,2.0,2.0,5
1.0,1.0,2.0,4.0,5.0,5.0,4.0,5.0,5.0,2.0,3.0,3.0,2.0,4.0,4.0,5.0,5.0,2.0,2.0,2.0,2.0,5.0,5.0,5.0,5.0,2.0,5.0,4.0,5.0,4.0,5
2.0,1.0,1.0,4.0,1.0,5.0,4.0,4.0,4.0,3.0,1.0,1.0,1.0,1.0,1.0,1.0,2.0,2.0,1.0,1.0,1.0,5.0,5.0,5.0,4.0,2.0,2.0,2.0,2.0,2.0,5
2.0,1.0,2.0,2.0,1.0,5.0,5.0,4.0,4.0,4.0,3.0,5.0,5.0,5.0,5.0,4.0,4.0,4.0,3.0,5.0,5.0,4.0,4.0,4.0,4.0,4.0,4.0,4.0,4.0,4.0,5
2.0,1.0,1.0,4.0,7.0,3.0,4.0,4.0,4.0,3.0,1.0,1.0,1.0,4.0,4.0,3.0,4.0,3.0,1.0,1.0,1.0,3.0,3.0,3.0,3.0,1.0,2.0,3.0,2.0,3.0,5
2.0,1.0,2.0,3.0,1.0,5.0,4.0,4.0,4.0,4.0,1.0,1.0,2.0,4.0,5.0,5.0,5.0,5.0,1.0,1.0,2.0,4.0,5.0,4.0,4.0,2.0,2.0,4.0,2.0,4.0,5
2.0,1.0,1.0,3.0,1.0,5.0,5.0,5.0,5.0,5.0,1.0,2.0,2.0,2.0,5.0,2.0,2.0,5.0,4.0,4.0,4.0,5.0,5.0,3.0,4.0,3.0,4.0,4.0,5.0,4.0,5
3.0,1.0,2.0,3.0,2.0,5.0,4.0,4.0,5.0,3.0,2.0,4.0,1.0,4.0,4.0,4.0,3.0,2.0,2.0,2.0,2.0,4.0,5.0,4.0,4.0,2.0,4.0,3.0,4.0,3.0,5
3.0,1.0,1.0,2.0,1.0,4.0,4.0,4.0,4.0,4.0,2.0,1.0,2.0,4.0,4.0,5.0,4.0,5.0,2.0,2.0,2.0,3.0,5.0,3.0,3.0,4.0,5.0,5.0,4.0,4.0,5
3.0,1.0,2.0,3.0,2.0,5.0,2.0,5.0,2.0,2.0,1.0,2.0,2.0,5.0,2.0,4.0,2.0,2.0,1.0,2.0,2.0,4.0,4.0,2.0,3.0,2.0,3.0,4.0,3.0,2.0,5
2.0,1.0,1.0,3.0,1.0,5.0,5.0,5.0,5.0,5.0,1.0,1.0,1.0,5.0,2.0,2.0,1.0,2.0,1.0,3.0,2.0,5.0,5.0,5.0,5.0,4.0,4.0,4.0,5.0,4.0,5
2.0,1.0,1.0,3.0,3.0,3.0,4.0,4.0,3.0,2.0,1.0,1.0,2.0,1.0,2.0,2.0,2.0,4.0,1.0,1.0,1.0,4.0,4.0,5.0,4.0,1.0,3.0,3.0,2.0,3.0,5
2.0,1.0,2.0,3.0,1.0,5.0,5.0,5.0,5.0,5.0,3.0,3.0,3.0,4.0,5.0,4.0,4.0,5.0,4.0,4.0,4.0,5.0,5.0,5.0,5.0,4.0,5.0,5.0,5.0,5.0,5
2.0,1.0,1.0,3.0,3.0,5.0,4.0,5.0,4.0,4.0,4.0,3.0,4.0,4.0,5.0,4.0,4.0,3.0,4.0,3.0,4.0,4.0,5.0,5.0,3.0,3.0,2.0,3.0,4.0,5.0,5
3.0,1.0,2.0,4.0,4.0,5.0,5.0,5.0,5.0,5.0,5.0,5.0,5.0,5.0,5.0,5.0,5.0,5.0,5.0,5.0,5.0,2.0,2.0,5.0,5.0,5.0,5.0,5.0,5.0,5.0,5
3.0,1.0,2.0,2.0,2.0,4.0,4.0,4.0,3.0,3.0,1.0,1.0,1.0,4.0,3.0,3.0,2.0,5.0,5.0,5.0,4.0,4.0,2.0,4.0,3.0,4.0,5.0,5.0,5.0,4.0,5
3.0,1.0,2.0,3.0,2.0,5.0,4.0,4.0,4.0,4.0,3.0,4.0,3.0,5.0,4.0,4.0,4.0,4.0,4.0,4.0,4.0,4.0,5.0,4.0,5.0,4.0,4.0,4.0,4.0,4.0,5
2.0,1.0,2.0,4.0,1.0,5.0,4.0,4.0,5.0,5.0,2.0,2.0,1.0,4.0,4.0,5.0,5.0,5.0,5.0,5.0,3.0,5.0,5.0,5.0,4.0,4.0,5.0,5.0,5.0,5.0,5
2.0,1.0,2.0,3.0,1.0,5.0,4.0,3.0,3.0,4.0,2.0,2.0,2.0,4.0,4.0,3.0,4.0,4.0,2.0,3.0,2.0,4.0,4.0,4.0,4.0,3.0,3.0,4.0,3.0,4.0,5
3.0,1.0,2.0,2.0,1.0,5.0,4.0,4.0,5.0,4.0,4.0,4.0,4.0,4.0,5.0,5.0,5.0,4.0,4.0,5.0,4.0,4.0,5.0,4.0,5.0,4.0,4.0,5.0,5.0,4.0,5
4.0,1.0,1.0,3.0,6.0,5.0,4.0,2.0,3.0,2.0,2.0,2.0,1.0,5.0,3.0,2.0,3.0,2.0,2.0,2.0,1.0,5.0,5.0,4.0,5.0,4.0,3.0,4.0,5.0,4.0,5
2.0,1.0,2.0,2.0,1.0,4.0,2.0,2.0,3.0,3.0,1.0,2.0,2.0,4.0,3.0,3.0,4.0,3.0,1.0,2.0,2.0,4.0,4.0,3.0,3.0,2.0,2.0,3.0,3.0,2.0,5
3.0,1.0,1.0,3.0,1.0,2.0,2.0,2.0,4.0,4.0,2.0,2.0,2.0,4.0,4.0,4.0,4.0,4.0,2.0,2.0,2.0,4.0,4.0,4.0,4.0,3.0,3.0,3.0,3.0,3.0,5
4.0,1.0,2.0,4.0,6.0,5.0,4.0,5.0,4.0,4.0,1.0,1.0,1.0,4.0,4.0,4.0,4.0,4.0,1.0,4.0,1.0,5.0,5.0,4.0,4.0,4.0,4.0,4.0,4.0,4.0,5
2.0,1.0,2.0,2.0,2.0,4.0,2.0,2.0,4.0,4.0,2.0,1.0,2.0,2.0,1.0,2.0,4.0,4.0,2.0,1.0,2.0,4.0,5.0,4.0,4.0,2.0,2.0,4.0,4.0,2.0,5
4.0,1.0,2.0,3.0,6.0,4.0,4.0,4.0,3.0,3.0,1.0,1.0,1.0,4.0,4.0,4.0,4.0,3.0,1.0,1.0,1.0,2.0,4.0,4.0,4.0,1.0,1.0,1.0,1.0,1.0,5
2.0,1.0,1.0,3.0,1.0,4.0,3.0,4.0,4.0,2.0,3.0,4.0,3.0,4.0,4.0,4.0,4.0,4.0,4.0,3.0,3.0,4.0,5.0,3.0,4.0,4.0,4.0,4.0,3.0,4.0,5
4.0,1.0,2.0,3.0,6.0,5.0,4.0,5.0,4.0,3.0,1.0,1.0,1.0,4.0,5.0,5.0,5.0,5.0,1.0,2.0,1.0,5.0,5.0,5.0,5.0,4.0,2.0,4.0,4.0,3.0,5
2.0,1.0,2.0,3.0,4.0,4.0,3.0,2.0,4.0,3.0,1.0,3.0,3.0,3.0,2.0,4.0,3.0,2.0,1.0,3.0,3.0,3.0,4.0,3.0,2.0,4.0,4.0,4.0,4.0,3.0,5
1.0,2.0,1.0,2.0,5.0,2.0,3.0,4.0,3.0,4.0,5.0,1.0,3.0,2.0,3.0,4.0,2.0,5.0,5.0,1.0,3.0,4.0,4.0,4.0,2.0,4.0,3.0,2.0,3.0,1.0,0
3.0,1.0,2.0,3.0,1.0,4.0,4.0,5.0,5.0,4.0,1.0,1.0,2.0,4.0,4.0,4.0,5.0,4.0,1.0,1.0,2.0,3.0,2.0,3.0,3.0,2.0,3.0,4.0,3.0,4.0,5
3.0,1.0,1.0,4.0,4.0,3.0,2.0,3.0,4.0,2.0,1.0,2.0,2.0,2.0,4.0,4.0,4.0,3.0,1.0,2.0,2.0,3.0,4.0,2.0,3.0,2.0,2.0,2.0,2.0,1.0,5
4.0,1.0,2.0,3.0,1.0,5.0,3.0,5.0,3.0,3.0,1.0,2.0,2.0,4.0,4.0,3.0,2.0,4.0,2.0,2.0,2.0,4.0,3.0,4.0,4.0,2.0,2.0,3.0,3.0,3.0,5
2.0,1.0,2.0,3.0,1.0,4.0,3.0,4.0,4.0,2.0,2.0,2.0,3.0,4.0,2.0,4.0,4.0,2.0,2.0,2.0,4.0,4.0,5.0,2.0,3.0,1.0,4.0,4.0,2.0,3.0,5
3.0,1.0,1.0,3.0,2.0,4.0,4.0,4.0,2.0,2.0,1.0,5.0,4.0,4.0,4.0,4.0,4.0,4.0,1.0,4.0,3.0,3.0,4.0,4.0,4.0,5.0,5.0,5.0,5.0,5.0,5
3.0,1.0,1.0,3.0,1.0,5.0,4.0,5.0,3.0,4.0,2.0,2.0,3.0,4.0,3.0,3.0,2.0,4.0,2.0,2.0,1.0,5.0,5.0,5.0,5.0,2.0,3.0,3.0,3.0,3.0,5
1.0,1.0,1.0,3.0,5.0,4.0,4.0,5.0,4.0,5.0,1.0,3.0,4.0,2.0,3.0,2.0,1.0,4.0,2.0,3.0,3.0,4.0,5.0,5.0,2.0,4.0,3.0,4.0,4.0,4.0,5
2.0,1.0,2.0,3.0,1.0,5.0,4.0,5.0,5.0,4.0,4.0,1.0,2.0,2.0,4.0,2.0,2.0,4.0,2.0,4.0,4.0,5.0,5.0,4.0,4.0,4.0,4.0,2.0,4.0,5.0,5
1.0,2.0,2.0,3.0,5.0,4.0,4.0,4.0,4.0,3.0,2.0,3.0,2.0,5.0,4.0,4.0,4.0,2.0,4.0,3.0,2.0,5.0,5.0,4.0,4.0,2.0,2.0,2.0,4.0,2.0,0
1.0,1.0,2.0,3.0,2.0,5.0,4.0,4.0,4.0,2.0,2.0,4.0,4.0,5.0,4.0,5.0,5.0,2.0,2.0,4.0,4.0,4.0,4.0,4.0,3.0,4.0,4.0,4.0,4.0,3.0,5
2.0,2.0,1.0,3.0,1.0,5.0,3.0,4.0,4.0,2.0,2.0,2.0,2.0,2.0,2.0,3.0,4.0,4.0,2.0,2.0,2.0,5.0,4.0,4.0,4.0,4.0,4.0,4.0,4.0,3.0,0
1.0,1.0,1.0,2.0,1.0,2.0,5.0,3.0,5.0,4.0,5.0,3.0,2.0,1.0,4.0,4.0,4.0,4.0,4.0,2.0,2.0,3.0,3.0,3.0,4.0,4.0,4.0,4.0,3.0,2.0,5
3.0,1.0,2.0,3.0,6.0,4.0,4.0,4.0,4.0,3.0,2.0,1.0,2.0,2.0,4.0,4.0,2.0,4.0,3.0,2.0,1.0,5.0,5.0,4.0,4.0,2.0,4.0,2.0,2.0,4.0,5
2.0,1.0,2.0,3.0,2.0,5.0,4.0,4.0,3.0,4.0,1.0,1.0,1.0,4.0,4.0,4.0,2.0,3.0,1.0,4.0,3.0,4.0,5.0,4.0,3.0,4.0,4.0,4.0,4.0,4.0,5
1.0,1.0,2.0,3.0,5.0,4.0,5.0,5.0,5.0,4.0,4.0,1.0,3.0,4.0,5.0,4.0,5.0,5.0,4.0,1.0,4.0,5.0,5.0,5.0,5.0,5.0,5.0,5.0,5.0,5.0,1
2.0,1.0,2.0,2.0,1.0,5.0,2.0,4.0,3.0,4.0,2.0,1.0,1.0,3.0,4.0,4.0,4.0,3.0,1.0,3.0,3.0,3.0,2.0,4.0,3.0,2.0,2.0,4.0,2.0,3.0,5
2.0,1.0,1.0,4.0,1.0,5.0,4.0,4.0,5.0,4.0,1.0,1.0,1.0,2.0,2.0,2.0,3.0,4.0,1.0,1.0,1.0,4.0,4.0,2.0,2.0,1.0,1.0,1.0,1.0,1.0,5
4.0,1.0,1.0,3.0,6.0,4.0,4.0,4.0,5.0,3.0,4.0,3.0,2.0,2.0,4.0,4.0,4.0,4.0,3.0,3.0,3.0,3.0,3.0,3.0,3.0,3.0,3.0,3.0,3.0,3.0,5
3.0,1.0,1.0,3.0,1.0,5.0,5.0,5.0,5.0,5.0,5.0,5.0,4.0,5.0,5.0,5.0,5.0,5.0,5.0,5.0,4.0,4.0,5.0,5.0,5.0,4.0,5.0,5.0,5.0,5.0,5
2.0,2.0,1.0,2.0,1.0,4.0,4.0,4.0,4.0,3.0,1.0,1.0,2.0,4.0,4.0,4.0,4.0,3.0,4.0,1.0,2.0,4.0,4.0,4.0,4.0,4.0,3.0,4.0,4.0,3.0,0
1.0,1.0,2.0,4.0,4.0,4.0,4.0,5.0,4.0,4.0,2.0,2.0,3.0,4.0,3.0,4.0,5.0,4.0,3.0,2.0,4.0,5.0,5.0,4.0,4.0,4.0,5.0,3.0,2.0,3.0,5
3.0,1.0,2.0,4.0,1.0,5.0,4.0,5.0,4.0,2.0,3.0,3.0,4.0,4.0,4.0,4.0,5.0,5.0,4.0,5.0,4.0,4.0,5.0,5.0,5.0,5.0,5.0,5.0,5.0,5.0,5
1.0,2.0,2.0,2.0,5.0,5.0,4.0,4.0,4.0,4.0,3.0,4.0,4.0,4.0,3.0,4.0,2.0,4.0,2.0,5.0,2.0,4.0,5.0,5.0,4.0,4.0,4.0,4.0,4.0,3.0,3
3.0,1.0,2.0,3.0,1.0,5.0,4.0,5.0,2.0,4.0,3.0,2.0,2.0,2.0,4.0,2.0,1.0,5.0,4.0,4.0,1.0,1.0,1.0,1.0,1.0,1.0,1.0,1.0,3.0,3.0,5
3.0,1.0,2.0,2.0,6.0,4.0,4.0,4.0,3.0,3.0,1.0,2.0,1.0,4.0,4.0,4.0,3.0,3.0,1.0,2.0,1.0,4.0,4.0,4.0,4.0,2.0,3.0,2.0,3.0,4.0,5
3.0,1.0,1.0,4.0,6.0,3.0,3.0,3.0,3.0,3.0,1.0,1.0,1.0,3.0,4.0,4.0,3.0,4.0,1.0,1.0,1.0,3.0,4.0,4.0,3.0,2.0,3.0,4.0,3.0,2.0,5
4.0,1.0,2.0,2.0,1.0,5.0,5.0,5.0,5.0,5.0,3.0,2.0,2.0,5.0,5.0,5.0,5.0,5.0,3.0,2.0,2.0,2.0,2.0,2.0,2.0,4.0,4.0,4.0,4.0,5.0,5
3.0,1.0,1.0,3.0,2.0,5.0,1.0,5.0,2.0,3.0,4.0,3.0,2.0,4.0,4.0,4.0,3.0,5.0,5.0,4.0,2.0,5.0,3.0,4.0,4.0,4.0,4.0,5.0,4.0,5.0,5
2.0,1.0,2.0,2.0,1.0,4.0,4.0,4.0,3.0,3.0,1.0,1.0,1.0,4.0,3.0,4.0,4.0,4.0,1.0,1.0,1.0,3.0,3.0,4.0,4.0,3.0,4.0,4.0,4.0,4.0,5
2.0,2.0,2.0,3.0,1.0,4.0,4.0,4.0,4.0,4.0,2.0,2.0,2.0,2.0,4.0,2.0,2.0,4.0,1.0,1.0,1.0,4.0,5.0,4.0,4.0,3.0,3.0,3.0,3.0,3.0,5
3.0,1.0,2.0,3.0,6.0,5.0,4.0,4.0,5.0,4.0,3.0,4.0,4.0,3.0,3.0,4.0,2.0,4.0,3.0,4.0,2.0,3.0,4.0,4.0,4.0,5.0,4.0,2.0,2.0,4.0,5
2.0,1.0,1.0,4.0,1.0,5.0,4.0,5.0,4.0,4.0,1.0,1.0,3.0,5.0,4.0,5.0,4.0,4.0,2.0,1.0,3.0,4.0,4.0,4.0,4.0,4.0,4.0,4.0,4.0,3.0,5
1.0,1.0,1.0,4.0,1.0,4.0,2.0,5.0,3.0,3.0,3.0,3.0,4.0,4.0,4.0,5.0,4.0,3.0,3.0,3.0,4.0,5.0,5.0,5.0,4.0,4.0,4.0,5.0,4.0,4.0,5
3.0,1.0,2.0,4.0,6.0,1.0,2.0,4.0,4.0,4.0,1.0,1.0,1.0,3.0,4.0,4.0,4.0,4.0,1.0,1.0,1.0,4.0,5.0,5.0,3.0,1.0,1.0,1.0,1.0,1.0,5
2.0,1.0,1.0,3.0,1.0,5.0,2.0,4.0,5.0,2.0,3.0,2.0,3.0,2.0,4.0,3.0,4.0,4.0,4.0,3.0,2.0,5.0,3.0,4.0,2.0,4.0,4.0,5.0,4.0,3.0,5
2.0,1.0,1.0,2.0,1.0,5.0,4.0,3.0,4.0,3.0,4.0,4.0,4.0,4.0,3.0,3.0,3.0,3.0,3.0,4.0,4.0,4.0,4.0,4.0,4.0,3.0,4.0,4.0,4.0,3.0,5
3.0,1.0,2.0,4.0,7.0,5.0,2.0,4.0,4.0,2.0,2.0,2.0,3.0,4.0,1.0,1.0,1.0,1.0,1.0,1.0,1.0,5.0,5.0,2.0,5.0,3.0,4.0,5.0,4.0,2.0,5
2.0,1.0,2.0,2.0,2.0,5.0,4.0,4.0,4.0,4.0,1.0,1.0,1.0,4.0,4.0,3.0,4.0,3.0,3.0,3.0,1.0,4.0,4.0,4.0,4.0,4.0,3.0,3.0,4.0,3.0,5
2.0,1.0,2.0,3.0,3.0,5.0,4.0,4.0,4.0,3.0,1.0,1.0,2.0,2.0,2.0,1.0,1.0,4.0,4.0,3.0,4.0,4.0,5.0,5.0,5.0,2.0,3.0,4.0,3.0,3.0,5
4.0,1.0,2.0,3.0,2.0,5.0,3.0,4.0,4.0,4.0,1.0,5.0,4.0,3.0,3.0,4.0,3.0,2.0,2.0,5.0,4.0,4.0,4.0,3.0,3.0,3.0,4.0,4.0,4.0,4.0,5
3.0,1.0,2.0,4.0,1.0,4.0,3.0,4.0,4.0,4.0,1.0,1.0,1.0,5.0,5.0,4.0,4.0,4.0,1.0,1.0,1.0,5.0,5.0,5.0,4.0,3.0,3.0,3.0,3.0,3.0,5
3.0,1.0,2.0,4.0,2.0,5.0,4.0,5.0,4.0,3.0,3.0,3.0,1.0,3.0,3.0,5.0,4.0,2.0,4.0,3.0,1.0,3.0,1.0,4.0,3.0,1.0,2.0,3.0,2.0,1.0,5
1.0,1.0,2.0,2.0,1.0,4.0,4.0,5.0,4.0,2.0,3.0,2.0,3.0,4.0,4.0,5.0,5.0,2.0,3.0,2.0,3.0,4.0,5.0,5.0,4.0,4.0,4.0,5.0,5.0,4.0,5
1.0,1.0,2.0,3.0,2.0,2.0,4.0,5.0,5.0,2.0,1.0,4.0,4.0,4.0,4.0,5.0,5.0,2.0,1.0,4.0,4.0,5.0,5.0,4.0,5.0,4.0,5.0,5.0,5.0,3.0,5
4.0,1.0,1.0,4.0,6.0,5.0,5.0,5.0,5.0,5.0,4.0,4.0,3.0,5.0,5.0,5.0,5.0,5.0,4.0,4.0,3.0,2.0,2.0,4.0,4.0,4.0,4.0,5.0,4.0,5.0,5
2.0,1.0,1.0,2.0,1.0,5.0,4.0,5.0,3.0,4.0,3.0,1.0,3.0,4.0,4.0,4.0,4.0,4.0,2.0,1.0,3.0,3.0,5.0,3.0,1.0,4.0,4.0,4.0,4.0,3.0,5
4.0,1.0,2.0,3.0,6.0,4.0,4.0,4.0,2.0,3.0,1.0,2.0,3.0,4.0,2.0,4.0,2.0,4.0,4.0,4.0,4.0,4.0,5.0,4.0,4.0,4.0,3.0,4.0,4.0,3.0,5
1.0,1.0,1.0,3.0,3.0,5.0,5.0,4.0,4.0,1.0,2.0,1.0,1.0,5.0,4.0,4.0,4.0,2.0,2.0,2.0,2.0,2.0,3.0,3.0,3.0,3.0,3.0,3.0,3.0,3.0,5
3.0,1.0,2.0,3.0,6.0,4.0,4.0,4.0,4.0,4.0,1.0,2.0,4.0,2.0,3.0,4.0,4.0,4.0,1.0,2.0,2.0,4.0,5.0,5.0,4.0,3.0,4.0,4.0,5.0,4.0,5
3.0,1.0,1.0,3.0,1.0,4.0,4.0,4.0,3.0,4.0,1.0,5.0,3.0,3.0,3.0,5.0,4.0,3.0,5.0,5.0,5.0,4.0,5.0,5.0,3.0,4.0,3.0,3.0,3.0,4.0,5
2.0,1.0,1.0,4.0,3.0,2.0,3.0,4.0,3.0,4.0,1.0,4.0,1.0,2.0,3.0,3.0,4.0,4.0,1.0,4.0,1.0,4.0,5.0,4.0,3.0,1.0,1.0,1.0,1.0,1.0,5
2.0,2.0,1.0,3.0,1.0,5.0,2.0,4.0,3.0,4.0,1.0,1.0,1.0,4.0,2.0,2.0,2.0,2.0,4.0,5.0,4.0,5.0,5.0,5.0,5.0,4.0,4.0,4.0,4.0,3.0,0
4.0,1.0,2.0,4.0,6.0,5.0,5.0,5.0,5.0,5.0,3.0,4.0,4.0,5.0,5.0,5.0,5.0,5.0,3.0,4.0,4.0,4.0,5.0,5.0,5.0,5.0,4.0,5.0,5.0,4.0,5
2.0,1.0,2.0,3.0,1.0,4.0,2.0,4.0,2.0,2.0,3.0,2.0,2.0,4.0,2.0,4.0,2.0,4.0,2.0,2.0,2.0,5.0,4.0,5.0,5.0,4.0,5.0,5.0,5.0,4.0,5
3.0,1.0,1.0,3.0,2.0,4.0,4.0,4.0,5.0,4.0,4.0,1.0,2.0,4.0,4.0,4.0,4.0,4.0,2.0,1.0,2.0,4.0,4.0,4.0,4.0,3.0,3.0,3.0,3.0,3.0,5
3.0,1.0,2.0,3.0,2.0,5.0,4.0,4.0,4.0,4.0,2.0,2.0,2.0,1.0,1.0,1.0,2.0,3.0,1.0,5.0,2.0,3.0,4.0,3.0,4.0,2.0,1.0,3.0,3.0,4.0,5
3.0,1.0,1.0,3.0,1.0,4.0,4.0,5.0,5.0,4.0,1.0,4.0,2.0,4.0,4.0,4.0,4.0,4.0,4.0,4.0,4.0,3.0,5.0,3.0,3.0,2.0,2.0,4.0,4.0,3.0,5
2.0,1.0,2.0,3.0,4.0,5.0,4.0,4.0,2.0,2.0,1.0,2.0,4.0,5.0,4.0,4.0,4.0,4.0,5.0,4.0,4.0,4.0,5.0,5.0,4.0,4.0,4.0,4.0,4.0,4.0,5
2.0,1.0,2.0,3.0,2.0,5.0,5.0,4.0,2.0,4.0,4.0,4.0,4.0,4.0,4.0,2.0,2.0,4.0,3.0,3.0,3.0,4.0,5.0,4.0,4.0,5.0,4.0,5.0,5.0,4.0,5
2.0,1.0,1.0,3.0,1.0,4.0,4.0,3.0,4.0,4.0,2.0,2.0,2.0,3.0,4.0,4.0,4.0,3.0,2.0,2.0,2.0,5.0,5.0,4.0,5.0,3.0,2.0,2.0,3.0,3.0,5
3.0,1.0,1.0,3.0,2.0,4.0,4.0,5.0,4.0,4.0,3.0,1.0,1.0,4.0,4.0,4.0,4.0,4.0,2.0,2.0,1.0,4.0,4.0,4.0,4.0,4.0,4.0,4.0,4.0,4.0,5
3.0,1.0,2.0,4.0,3.0,4.0,4.0,4.0,5.0,5.0,2.0,2.0,2.0,5.0,4.0,4.0,5.0,5.0,3.0,4.0,3.0,4.0,5.0,2.0,3.0,3.0,4.0,4.0,3.0,4.0,5
3.0,1.0,2.0,4.0,2.0,3.0,3.0,3.0,1.0,4.0,3.0,4.0,3.0,3.0,3.0,3.0,3.0,3.0,3.0,2.0,3.0,4.0,4.0,4.0,4.0,3.0,3.0,3.0,3.0,3.0,5
1.0,1.0,1.0,2.0,5.0,4.0,4.0,4.0,5.0,2.0,3.0,2.0,4.0,4.0,4.0,4.0,3.0,4.0,4.0,1.0,1.0,5.0,5.0,4.0,4.0,4.0,3.0,4.0,4.0,5.0,5
3.0,1.0,2.0,4.0,1.0,5.0,5.0,4.0,4.0,3.0,2.0,5.0,3.0,4.0,4.0,4.0,4.0,3.0,2.0,5.0,3.0,4.0,5.0,4.0,4.0,5.0,5.0,5.0,5.0,4.0,5
2.0,2.0,2.0,3.0,1.0,5.0,4.0,1.0,5.0,2.0,1.0,1.0,1.0,4.0,5.0,5.0,5.0,5.0,3.0,4.0,4.0,4.0,5.0,4.0,4.0,4.0,4.0,4.0,4.0,4.0,0
2.0,1.0,1.0,4.0,1.0,5.0,4.0,5.0,2.0,5.0,2.0,1.0,2.0,4.0,3.0,4.0,4.0,5.0,3.0,1.0,3.0,5.0,5.0,3.0,2.0,2.0,2.0,3.0,3.0,4.0,5
1.0,1.0,1.0,3.0,5.0,4.0,4.0,4.0,2.0,2.0,2.0,1.0,2.0,1.0,1.0,2.0,1.0,4.0,2.0,2.0,2.0,4.0,5.0,5.0,5.0,3.0,4.0,4.0,3.0,3.0,0
2.0,1.0,2.0,3.0,1.0,4.0,4.0,4.0,5.0,4.0,4.0,2.0,2.0,5.0,4.0,5.0,5.0,2.0,3.0,3.0,3.0,5.0,5.0,4.0,5.0,2.0,2.0,2.0,4.0,4.0,5
3.0,1.0,2.0,3.0,2.0,4.0,2.0,4.0,2.0,2.0,2.0,1.0,1.0,4.0,4.0,4.0,4.0,4.0,2.0,2.0,2.0,5.0,5.0,4.0,3.0,3.0,4.0,4.0,4.0,4.0,5
3.0,1.0,2.0,3.0,4.0,4.0,4.0,5.0,5.0,4.0,2.0,4.0,1.0,4.0,2.0,4.0,4.0,4.0,4.0,5.0,2.0,5.0,5.0,4.0,5.0,4.0,4.0,5.0,5.0,4.0,5
2.0,2.0,1.0,4.0,1.0,4.0,4.0,4.0,4.0,4.0,1.0,1.0,2.0,4.0,4.0,4.0,4.0,4.0,1.0,1.0,2.0,4.0,4.0,3.0,4.0,3.0,3.0,4.0,4.0,4.0,5
3.0,1.0,2.0,3.0,6.0,5.0,4.0,4.0,5.0,4.0,1.0,1.0,1.0,3.0,4.0,3.0,2.0,3.0,3.0,4.0,4.0,4.0,4.0,4.0,4.0,4.0,4.0,4.0,4.0,4.0,5
1.0,2.0,2.0,3.0,5.0,4.0,3.0,4.0,3.0,3.0,3.0,1.0,4.0,4.0,4.0,4.0,3.0,4.0,3.0,1.0,4.0,4.0,4.0,4.0,4.0,2.0,3.0,4.0,4.0,4.0,0
3.0,1.0,1.0,4.0,1.0,4.0,4.0,5.0,5.0,4.0,1.0,2.0,2.0,4.0,4.0,5.0,5.0,5.0,3.0,3.0,4.0,4.0,4.0,4.0,4.0,3.0,3.0,3.0,3.0,3.0,5
2.0,2.0,1.0,1.0,1.0,4.0,4.0,5.0,4.0,3.0,4.0,4.0,3.0,3.0,4.0,3.0,4.0,5.0,3.0,4.0,5.0,4.0,5.0,4.0,4.0,4.0,4.0,3.0,4.0,4.0,3
4.0,1.0,1.0,3.0,2.0,4.0,3.0,3.0,2.0,4.0,1.0,2.0,2.0,4.0,2.0,3.0,2.0,4.0,2.0,3.0,1.0,4.0,5.0,3.0,4.0,2.0,3.0,3.0,4.0,3.0,5
3.0,1.0,1.0,3.0,1.0,5.0,4.0,3.0,4.0,2.0,4.0,3.0,3.0,5.0,4.0,3.0,4.0,2.0,4.0,3.0,3.0,2.0,1.0,3.0,3.0,2.0,3.0,2.0,2.0,2.0,5
3.0,1.0,1.0,4.0,2.0,5.0,5.0,5.0,5.0,4.0,1.0,1.0,1.0,1.0,2.0,1.0,1.0,5.0,1.0,1.0,1.0,4.0,5.0,4.0,5.0,1.0,1.0,1.0,1.0,3.0,5
3.0,1.0,2.0,4.0,4.0,5.0,5.0,5.0,5.0,4.0,2.0,2.0,2.0,5.0,4.0,5.0,4.0,4.0,5.0,4.0,4.0,4.0,4.0,5.0,5.0,4.0,5.0,5.0,5.0,5.0,5
3.0,1.0,2.0,3.0,4.0,5.0,5.0,5.0,5.0,5.0,2.0,2.0,1.0,2.0,5.0,1.0,4.0,5.0,4.0,5.0,4.0,4.0,5.0,2.0,4.0,5.0,5.0,5.0,5.0,5.0,5
2.0,1.0,1.0,3.0,1.0,5.0,4.0,5.0,4.0,4.0,2.0,1.0,3.0,4.0,4.0,5.0,4.0,4.0,3.0,1.0,4.0,4.0,3.0,4.0,3.0,3.0,4.0,4.0,4.0,3.0,5
3.0,1.0,1.0,3.0,1.0,3.0,2.0,4.0,4.0,2.0,1.0,1.0,1.0,4.0,2.0,4.0,3.0,2.0,2.0,2.0,2.0,2.0,4.0,4.0,2.0,3.0,2.0,3.0,3.0,3.0,5
4.0,1.0,1.0,4.0,6.0,5.0,4.0,4.0,2.0,1.0,1.0,1.0,1.0,4.0,4.0,4.0,1.0,1.0,3.0,1.0,1.0,5.0,5.0,5.0,5.0,1.0,1.0,1.0,1.0,1.0,5
3.0,1.0,1.0,3.0,1.0,5.0,4.0,4.0,4.0,4.0,1.0,1.0,1.0,4.0,4.0,1.0,4.0,5.0,5.0,4.0,4.0,4.0,5.0,5.0,5.0,5.0,5.0,5.0,5.0,5.0,5
3.0,1.0,2.0,3.0,1.0,1.0,4.0,1.0,2.0,1.0,1.0,2.0,2.0,2.0,1.0,1.0,2.0,2.0,2.0,2.0,2.0,4.0,4.0,4.0,4.0,2.0,2.0,3.0,2.0,1.0,5
3.0,1.0,1.0,2.0,1.0,4.0,5.0,4.0,4.0,4.0,2.0,1.0,2.0,4.0,4.0,3.0,4.0,3.0,4.0,4.0,2.0,5.0,4.0,2.0,4.0,4.0,2.0,4.0,4.0,2.0,5
3.0,1.0,1.0,2.0,1.0,5.0,2.0,1.0,4.0,2.0,2.0,1.0,2.0,4.0,2.0,1.0,4.0,1.0,3.0,3.0,5.0,5.0,5.0,1.0,1.0,4.0,1.0,5.0,5.0,4.0,5
3.0,1.0,2.0,3.0,1.0,5.0,5.0,5.0,5.0,5.0,3.0,3.0,3.0,5.0,5.0,5.0,5.0,5.0,4.0,4.0,4.0,4.0,5.0,4.0,4.0,4.0,4.0,5.0,5.0,4.0,5
3.0,1.0,2.0,4.0,7.0,4.0,3.0,4.0,4.0,4.0,2.0,1.0,2.0,4.0,4.0,4.0,3.0,4.0,2.0,3.0,3.0,5.0,5.0,4.0,5.0,4.0,4.0,4.0,4.0,4.0,5
1.0,1.0,1.0,3.0,3.0,4.0,4.0,5.0,4.0,5.0,1.0,1.0,1.0,2.0,4.0,2.0,1.0,4.0,2.0,1.0,1.0,4.0,4.0,4.0,4.0,1.0,1.0,1.0,1.0,2.0,5
3.0,1.0,2.0,3.0,2.0,5.0,5.0,4.0,4.0,2.0,1.0,2.0,2.0,4.0,4.0,4.0,4.0,2.0,1.0,2.0,2.0,4.0,5.0,5.0,4.0,2.0,3.0,5.0,4.0,3.0,5
2.0,1.0,2.0,3.0,7.0,3.0,4.0,2.0,3.0,4.0,1.0,1.0,1.0,2.0,4.0,5.0,4.0,4.0,4.0,4.0,4.0,5.0,5.0,5.0,4.0,2.0,3.0,4.0,4.0,4.0,5
3.0,1.0,2.0,3.0,1.0,5.0,5.0,4.0,4.0,5.0,2.0,1.0,2.0,4.0,4.0,3.0,4.0,4.0,4.0,4.0,3.0,4.0,5.0,4.0,3.0,4.0,3.0,4.0,4.0,4.0,5
3.0,1.0,2.0,3.0,1.0,5.0,4.0,4.0,4.0,3.0,1.0,1.0,1.0,3.0,3.0,2.0,2.0,2.0,1.0,1.0,1.0,4.0,4.0,3.0,3.0,4.0,4.0,4.0,4.0,4.0,5
2.0,1.0,2.0,4.0,7.0,4.0,4.0,3.0,2.0,4.0,3.0,3.0,1.0,4.0,4.0,2.0,3.0,4.0,2.0,3.0,1.0,4.0,4.0,4.0,4.0,2.0,2.0,2.0,2.0,2.0,5
3.0,1.0,1.0,2.0,1.0,3.0,3.0,5.0,3.0,4.0,1.0,1.0,2.0,5.0,4.0,4.0,4.0,4.0,1.0,1.0,2.0,5.0,5.0,3.0,2.0,3.0,3.0,3.0,3.0,3.0,5
2.0,1.0,1.0,3.0,1.0,4.0,4.0,4.0,4.0,4.0,1.0,1.0,1.0,4.0,4.0,4.0,4.0,4.0,1.0,1.0,1.0,4.0,5.0,4.0,4.0,2.0,2.0,2.0,4.0,4.0,5
3.0,2.0,1.0,3.0,2.0,4.0,2.0,4.0,4.0,4.0,2.0,1.0,3.0,3.0,3.0,4.0,4.0,4.0,3.0,1.0,3.0,4.0,4.0,4.0,4.0,2.0,2.0,3.0,4.0,4.0,0
3.0,1.0,2.0,3.0,1.0,4.0,4.0,4.0,2.0,2.0,1.0,2.0,2.0,1.0,4.0,5.0,2.0,5.0,5.0,3.0,2.0,4.0,5.0,2.0,4.0,1.0,4.0,4.0,4.0,5.0,5
3.0,1.0,2.0,3.0,2.0,5.0,4.0,4.0,3.0,4.0,2.0,1.0,2.0,5.0,5.0,3.0,4.0,5.0,4.0,4.0,4.0,5.0,5.0,4.0,5.0,3.0,4.0,5.0,5.0,4.0,5
4.0,1.0,2.0,3.0,2.0,5.0,4.0,4.0,3.0,2.0,1.0,2.0,2.0,2.0,4.0,2.0,2.0,4.0,2.0,2.0,2.0,4.0,5.0,4.0,4.0,3.0,4.0,4.0,4.0,4.0,5
2.0,1.0,1.0,2.0,1.0,4.0,4.0,4.0,4.0,5.0,3.0,3.0,2.0,4.0,4.0,3.0,4.0,5.0,2.0,2.0,2.0,4.0,5.0,4.0,5.0,4.0,3.0,5.0,4.0,4.0,5
2.0,1.0,2.0,4.0,1.0,5.0,4.0,4.0,5.0,4.0,2.0,2.0,2.0,5.0,4.0,4.0,5.0,5.0,2.0,2.0,2.0,4.0,5.0,3.0,3.0,3.0,4.0,5.0,4.0,4.0,5
3.0,1.0,1.0,3.0,1.0,4.0,4.0,3.0,4.0,2.0,1.0,1.0,1.0,2.0,1.0,1.0,3.0,4.0,2.0,2.0,2.0,5.0,5.0,4.0,4.0,4.0,4.0,3.0,4.0,5.0,5
2.0,2.0,1.0,2.0,1.0,4.0,4.0,4.0,3.0,3.0,2.0,2.0,3.0,4.0,4.0,4.0,3.0,3.0,2.0,2.0,3.0,4.0,3.0,3.0,3.0,3.0,3.0,3.0,3.0,2.0,0
3.0,1.0,2.0,3.0,2.0,5.0,4.0,4.0,5.0,3.0,1.0,1.0,1.0,2.0,4.0,4.0,4.0,4.0,1.0,1.0,2.0,1.0,4.0,3.0,3.0,1.0,2.0,3.0,3.0,1.0,5
2.0,1.0,2.0,3.0,1.0,5.0,4.0,5.0,4.0,4.0,2.0,2.0,4.0,4.0,4.0,4.0,4.0,4.0,4.0,2.0,4.0,5.0,5.0,5.0,5.0,5.0,5.0,5.0,5.0,5.0,1
2.0,1.0,2.0,3.0,1.0,5.0,4.0,4.0,4.0,4.0,2.0,1.0,3.0,4.0,4.0,4.0,5.0,4.0,1.0,1.0,4.0,4.0,5.0,4.0,2.0,2.0,2.0,2.0,3.0,4.0,5
3.0,1.0,2.0,3.0,1.0,4.0,4.0,4.0,4.0,4.0,2.0,1.0,3.0,4.0,4.0,4.0,4.0,4.0,3.0,2.0,3.0,4.0,2.0,2.0,2.0,2.0,2.0,4.0,4.0,2.0,5
2.0,2.0,2.0,3.0,2.0,5.0,4.0,5.0,5.0,2.0,2.0,1.0,3.0,4.0,5.0,5.0,5.0,4.0,4.0,1.0,4.0,4.0,5.0,4.0,4.0,2.0,2.0,4.0,2.0,2.0,1
4.0,1.0,1.0,2.0,6.0,4.0,3.0,4.0,4.0,4.0,1.0,1.0,1.0,2.0,2.0,1.0,1.0,3.0,1.0,1.0,1.0,2.0,3.0,4.0,3.0,1.0,1.0,1.0,3.0,3.0,5
3.0,1.0,1.0,4.0,6.0,5.0,5.0,4.0,5.0,4.0,3.0,2.0,4.0,5.0,5.0,4.0,5.0,5.0,3.0,2.0,4.0,4.0,3.0,3.0,4.0,3.0,4.0,4.0,3.0,4.0,5
1.0,1.0,1.0,4.0,1.0,4.0,3.0,4.0,4.0,4.0,2.0,1.0,3.0,3.0,4.0,3.0,5.0,4.0,2.0,1.0,3.0,2.0,3.0,4.0,4.0,4.0,4.0,3.0,3.0,3.0,5
3.0,1.0,2.0,4.0,7.0,5.0,4.0,4.0,2.0,4.0,1.0,1.0,1.0,5.0,4.0,4.0,2.0,4.0,1.0,2.0,1.0,4.0,5.0,4.0,4.0,2.0,4.0,3.0,4.0,4.0,5
4.0,1.0,1.0,2.0,2.0,5.0,4.0,4.0,4.0,5.0,3.0,1.0,4.0,4.0,4.0,5.0,5.0,5.0,4.0,2.0,3.0,5.0,5.0,3.0,3.0,3.0,4.0,3.0,4.0,5.0,5
1.0,1.0,1.0,3.0,1.0,5.0,4.0,5.0,4.0,2.0,3.0,1.0,3.0,5.0,2.0,3.0,1.0,4.0,1.0,4.0,2.0,4.0,5.0,5.0,5.0,5.0,5.0,5.0,5.0,5.0,5
3.0,1.0,1.0,4.0,1.0,4.0,5.0,5.0,5.0,4.0,1.0,2.0,3.0,1.0,4.0,1.0,1.0,5.0,3.0,3.0,4.0,5.0,5.0,5.0,5.0,4.0,5.0,5.0,5.0,4.0,5
2.0,1.0,2.0,3.0,1.0,4.0,4.0,4.0,4.0,2.0,1.0,2.0,3.0,5.0,5.0,5.0,5.0,5.0,4.0,3.0,4.0,4.0,5.0,4.0,4.0,3.0,4.0,4.0,4.0,4.0,5
4.0,1.0,1.0,3.0,6.0,5.0,5.0,4.0,5.0,4.0,4.0,4.0,4.0,5.0,5.0,4.0,4.0,4.0,4.0,4.0,5.0,4.0,5.0,5.0,1.0,3.0,1.0,4.0,4.0,4.0,5
4.0,1.0,2.0,3.0,6.0,4.0,2.0,5.0,5.0,4.0,1.0,4.0,3.0,4.0,4.0,4.0,4.0,4.0,1.0,4.0,3.0,5.0,5.0,5.0,4.0,3.0,4.0,4.0,4.0,3.0,5
3.0,1.0,2.0,2.0,2.0,4.0,4.0,1.0,1.0,2.0,1.0,2.0,1.0,2.0,2.0,1.0,1.0,2.0,5.0,4.0,4.0,5.0,5.0,5.0,5.0,4.0,4.0,4.0,4.0,4.0,5
4.0,1.0,1.0,3.0,6.0,3.0,3.0,4.0,3.0,4.0,1.0,1.0,1.0,4.0,4.0,4.0,3.0,3.0,5.0,5.0,5.0,3.0,4.0,4.0,4.0,4.0,4.0,4.0,4.0,3.0,5
3.0,1.0,1.0,2.0,1.0,4.0,4.0,4.0,3.0,4.0,2.0,2.0,2.0,2.0,3.0,4.0,4.0,4.0,2.0,2.0,2.0,5.0,5.0,5.0,4.0,2.0,2.0,3.0,3.0,3.0,5
4.0,1.0,1.0,3.0,2.0,5.0,4.0,4.0,4.0,2.0,3.0,2.0,2.0,4.0,4.0,4.0,2.0,2.0,2.0,2.0,2.0,3.0,4.0,4.0,2.0,1.0,2.0,2.0,3.0,3.0,5
3.0,1.0,2.0,4.0,6.0,5.0,4.0,4.0,5.0,3.0,1.0,4.0,3.0,5.0,4.0,5.0,5.0,4.0,5.0,5.0,4.0,1.0,4.0,5.0,5.0,4.0,5.0,5.0,5.0,5.0,5
2.0,2.0,2.0,3.0,1.0,5.0,5.0,5.0,5.0,5.0,3.0,1.0,3.0,2.0,5.0,5.0,4.0,4.0,3.0,1.0,4.0,5.0,5.0,3.0,5.0,4.0,5.0,5.0,5.0,5.0,0
3.0,1.0,2.0,3.0,2.0,5.0,4.0,4.0,4.0,3.0,2.0,4.0,4.0,4.0,5.0,4.0,4.0,3.0,2.0,4.0,4.0,3.0,3.0,4.0,4.0,4.0,4.0,4.0,4.0,3.0,5
3.0,1.0,2.0,3.0,6.0,5.0,4.0,5.0,5.0,4.0,3.0,4.0,3.0,5.0,5.0,5.0,5.0,5.0,3.0,4.0,4.0,4.0,5.0,5.0,5.0,4.0,5.0,5.0,5.0,4.0,5
3.0,1.0,2.0,3.0,4.0,5.0,5.0,5.0,5.0,4.0,1.0,1.0,1.0,4.0,5.0,5.0,4.0,4.0,1.0,4.0,1.0,4.0,3.0,4.0,4.0,4.0,4.0,4.0,4.0,4.0,5
3.0,1.0,2.0,3.0,2.0,5.0,4.0,2.0,2.0,3.0,1.0,1.0,1.0,5.0,2.0,2.0,3.0,3.0,1.0,1.0,1.0,4.0,5.0,3.0,4.0,1.0,1.0,1.0,1.0,1.0,5
3.0,1.0,1.0,3.0,6.0,4.0,5.0,4.0,5.0,2.0,1.0,1.0,1.0,4.0,3.0,5.0,4.0,2.0,4.0,4.0,2.0,4.0,5.0,4.0,3.0,3.0,4.0,4.0,3.0,3.0,5
2.0,1.0,2.0,3.0,1.0,5.0,4.0,5.0,3.0,4.0,2.0,1.0,3.0,4.0,4.0,5.0,4.0,5.0,4.0,4.0,3.0,5.0,5.0,5.0,3.0,3.0,5.0,5.0,5.0,5.0,5
2.0,1.0,1.0,3.0,1.0,5.0,5.0,5.0,4.0,4.0,2.0,4.0,4.0,4.0,5.0,4.0,5.0,4.0,4.0,4.0,4.0,4.0,5.0,5.0,5.0,2.0,5.0,4.0,4.0,4.0,5
3.0,1.0,1.0,4.0,1.0,5.0,4.0,5.0,4.0,5.0,1.0,1.0,2.0,4.0,4.0,4.0,4.0,4.0,1.0,1.0,3.0,2.0,2.0,2.0,2.0,2.0,3.0,4.0,4.0,4.0,5
1.0,1.0,1.0,4.0,3.0,5.0,4.0,4.0,4.0,3.0,3.0,1.0,2.0,4.0,3.0,2.0,3.0,4.0,2.0,1.0,3.0,4.0,2.0,2.0,2.0,2.0,2.0,3.0,2.0,2.0,5
3.0,1.0,2.0,2.0,2.0,5.0,4.0,4.0,4.0,4.0,1.0,1.0,1.0,4.0,4.0,4.0,4.0,4.0,1.0,1.0,1.0,4.0,4.0,4.0,4.0,2.0,2.0,2.0,2.0,2.0,5
2.0,1.0,1.0,2.0,1.0,4.0,3.0,4.0,4.0,4.0,4.0,3.0,4.0,2.0,2.0,2.0,3.0,2.0,3.0,3.0,3.0,4.0,5.0,3.0,4.0,4.0,4.0,4.0,4.0,4.0,5
3.0,1.0,1.0,3.0,6.0,4.0,4.0,4.0,4.0,4.0,4.0,2.0,4.0,4.0,4.0,4.0,4.0,4.0,4.0,4.0,4.0,4.0,5.0,5.0,5.0,3.0,4.0,4.0,4.0,2.0,5
4.0,1.0,1.0,3.0,2.0,5.0,4.0,5.0,4.0,4.0,2.0,1.0,2.0,4.0,4.0,4.0,5.0,4.0,4.0,3.0,4.0,5.0,5.0,5.0,4.0,3.0,2.0,4.0,2.0,3.0,5
4.0,1.0,2.0,3.0,6.0,4.0,4.0,4.0,4.0,4.0,2.0,2.0,1.0,4.0,4.0,4.0,4.0,4.0,4.0,2.0,2.0,4.0,5.0,4.0,4.0,3.0,4.0,3.0,4.0,4.0,5
1.0,2.0,1.0,3.0,5.0,4.0,3.0,5.0,5.0,5.0,1.0,1.0,2.0,2.0,3.0,4.0,2.0,4.0,2.0,1.0,2.0,4.0,4.0,4.0,4.0,3.0,4.0,4.0,4.0,3.0,1
3.0,1.0,1.0,2.0,1.0,4.0,3.0,4.0,4.0,4.0,2.0,2.0,2.0,4.0,4.0,4.0,4.0,4.0,3.0,3.0,3.0,3.0,4.0,4.0,3.0,3.0,3.0,3.0,3.0,3.0,5
2.0,1.0,1.0,4.0,1.0,5.0,4.0,5.0,5.0,4.0,1.0,1.0,2.0,5.0,4.0,5.0,5.0,4.0,1.0,1.0,2.0,5.0,5.0,2.0,1.0,1.0,1.0,1.0,1.0,1.0,5
3.0,1.0,1.0,4.0,2.0,5.0,4.0,4.0,3.0,4.0,1.0,1.0,1.0,2.0,4.0,4.0,4.0,4.0,2.0,1.0,1.0,4.0,4.0,3.0,3.0,2.0,2.0,3.0,2.0,3.0,5
2.0,2.0,2.0,4.0,2.0,4.0,4.0,5.0,5.0,4.0,1.0,4.0,3.0,2.0,4.0,4.0,4.0,2.0,1.0,4.0,3.0,5.0,5.0,4.0,5.0,4.0,4.0,4.0,4.0,4.0,4
3.0,1.0,2.0,4.0,2.0,5.0,4.0,4.0,4.0,4.0,2.0,2.0,2.0,5.0,4.0,4.0,4.0,4.0,4.0,4.0,3.0,5.0,5.0,5.0,5.0,4.0,4.0,4.0,4.0,4.0,5
3.0,1.0,1.0,3.0,1.0,5.0,4.0,4.0,4.0,4.0,2.0,2.0,2.0,4.0,4.0,4.0,4.0,4.0,3.0,3.0,4.0,4.0,4.0,4.0,5.0,2.0,4.0,3.0,5.0,4.0,5
3.0,1.0,1.0,3.0,1.0,5.0,5.0,5.0,5.0,2.0,1.0,2.0,2.0,5.0,5.0,3.0,3.0,4.0,2.0,3.0,3.0,4.0,5.0,4.0,4.0,2.0,3.0,3.0,3.0,4.0,5
3.0,1.0,1.0,2.0,1.0,5.0,5.0,4.0,4.0,4.0,1.0,2.0,2.0,2.0,3.0,4.0,4.0,4.0,1.0,3.0,4.0,4.0,5.0,4.0,5.0,3.0,4.0,4.0,4.0,3.0,5
2.0,1.0,1.0,3.0,2.0,4.0,3.0,2.0,3.0,2.0,3.0,3.0,3.0,4.0,3.0,2.0,2.0,1.0,3.0,3.0,3.0,5.0,5.0,4.0,3.0,3.0,2.0,4.0,2.0,3.0,5
3.0,1.0,2.0,3.0,2.0,4.0,5.0,5.0,5.0,4.0,1.0,1.0,3.0,1.0,4.0,5.0,4.0,2.0,1.0,1.0,2.0,4.0,5.0,3.0,3.0,1.0,1.0,4.0,2.0,3.0,5
4.0,1.0,2.0,3.0,6.0,5.0,5.0,5.0,5.0,4.0,1.0,1.0,1.0,4.0,4.0,5.0,5.0,5.0,4.0,5.0,2.0,4.0,5.0,4.0,4.0,5.0,4.0,4.0,5.0,5.0,5
2.0,2.0,2.0,2.0,2.0,1.0,2.0,2.0,2.0,2.0,5.0,5.0,4.0,2.0,2.0,2.0,2.0,2.0,5.0,4.0,4.0,2.0,2.0,2.0,2.0,2.0,2.0,2.0,2.0,2.0,0
3.0,1.0,2.0,3.0,1.0,5.0,4.0,4.0,4.0,2.0,1.0,1.0,1.0,4.0,4.0,4.0,4.0,2.0,1.0,1.0,1.0,5.0,5.0,5.0,5.0,4.0,4.0,4.0,4.0,4.0,5
2.0,1.0,2.0,4.0,2.0,3.0,4.0,4.0,4.0,4.0,2.0,2.0,2.0,2.0,2.0,3.0,3.0,2.0,2.0,2.0,2.0,4.0,5.0,4.0,3.0,4.0,3.0,4.0,4.0,2.0,5
4.0,1.0,1.0,4.0,6.0,3.0,4.0,2.0,2.0,2.0,2.0,2.0,1.0,2.0,2.0,2.0,2.0,2.0,5.0,5.0,3.0,4.0,4.0,4.0,4.0,4.0,4.0,4.0,5.0,3.0,5
1.0,1.0,1.0,4.0,4.0,1.0,3.0,4.0,3.0,3.0,1.0,1.0,1.0,1.0,4.0,3.0,3.0,3.0,1.0,1.0,1.0,3.0,4.0,4.0,3.0,2.0,3.0,4.0,3.0,3.0,5
3.0,1.0,2.0,3.0,1.0,5.0,4.0,5.0,3.0,4.0,2.0,1.0,1.0,2.0,5.0,2.0,1.0,5.0,4.0,4.0,3.0,4.0,5.0,5.0,2.0,2.0,3.0,4.0,4.0,4.0,5
4.0,1.0,2.0,4.0,6.0,5.0,4.0,5.0,4.0,4.0,4.0,3.0,3.0,5.0,4.0,5.0,4.0,4.0,4.0,3.0,3.0,4.0,5.0,4.0,4.0,4.0,4.0,4.0,4.0,3.0,5
3.0,1.0,2.0,4.0,2.0,4.0,4.0,4.0,4.0,4.0,3.0,3.0,1.0,4.0,4.0,4.0,4.0,4.0,1.0,1.0,1.0,4.0,4.0,3.0,3.0,3.0,3.0,4.0,4.0,4.0,5
2.0,1.0,1.0,3.0,1.0,4.0,5.0,4.0,4.0,4.0,3.0,2.0,2.0,4.0,5.0,1.0,1.0,5.0,4.0,1.0,4.0,4.0,5.0,5.0,5.0,4.0,2.0,2.0,2.0,3.0,1
3.0,1.0,1.0,2.0,1.0,5.0,4.0,5.0,4.0,2.0,2.0,3.0,4.0,2.0,4.0,2.0,2.0,1.0,1.0,2.0,2.0,4.0,5.0,2.0,4.0,3.0,4.0,4.0,4.0,4.0,5
3.0,1.0,4.0,4.0,1.0,4.0,2.0,3.0,2.0,3.0,4.0,1.0,1.0,4.0,2.0,4.0,2.0,3.0,4.0,1.0,1.0,3.0,4.0,3.0,1.0,1.0,1.0,3.0,1.0,1.0,5
3.0,1.0,2.0,3.0,4.0,5.0,4.0,4.0,5.0,4.0,2.0,2.0,1.0,4.0,4.0,5.0,5.0,4.0,4.0,5.0,1.0,4.0,5.0,4.0,4.0,3.0,4.0,4.0,4.0,4.0,5
2.0,1.0,1.0,4.0,2.0,5.0,4.0,5.0,4.0,1.0,1.0,1.0,1.0,4.0,4.0,5.0,4.0,2.0,5.0,4.0,4.0,5.0,5.0,3.0,5.0,2.0,2.0,5.0,2.0,3.0,5
4.0,1.0,1.0,4.0,1.0,5.0,5.0,5.0,4.0,5.0,1.0,1.0,1.0,5.0,5.0,5.0,4.0,5.0,1.0,1.0,1.0,4.0,5.0,4.0,5.0,2.0,3.0,4.0,4.0,5.0,5
3.0,1.0,2.0,3.0,2.0,4.0,4.0,2.0,4.0,4.0,1.0,1.0,2.0,4.0,4.0,4.0,2.0,4.0,1.0,2.0,1.0,4.0,5.0,3.0,3.0,3.0,4.0,3.0,4.0,2.0,5
3.0,2.0,2.0,2.0,1.0,5.0,5.0,5.0,5.0,4.0,1.0,1.0,2.0,5.0,4.0,4.0,4.0,5.0,2.0,2.0,3.0,5.0,5.0,4.0,5.0,2.0,3.0,3.0,4.0,3.0,0
3.0,1.0,1.0,2.0,1.0,4.0,4.0,4.0,4.0,4.0,2.0,3.0,4.0,4.0,4.0,4.0,4.0,4.0,2.0,3.0,4.0,4.0,4.0,4.0,4.0,4.0,4.0,4.0,4.0,4.0,5
3.0,2.0,2.0,3.0,7.0,3.0,4.0,3.0,4.0,4.0,1.0,1.0,1.0,2.0,4.0,3.0,4.0,4.0,1.0,1.0,1.0,4.0,4.0,4.0,4.0,1.0,2.0,2.0,2.0,2.0,3
3.0,1.0,1.0,2.0,1.0,4.0,4.0,5.0,4.0,4.0,3.0,1.0,2.0,5.0,4.0,5.0,4.0,4.0,3.0,2.0,3.0,4.0,5.0,5.0,4.0,2.0,2.0,2.0,4.0,2.0,5
2.0,2.0,1.0,3.0,5.0,4.0,5.0,4.0,5.0,4.0,3.0,1.0,3.0,4.0,4.0,4.0,4.0,5.0,1.0,1.0,3.0,3.0,4.0,4.0,4.0,4.0,5.0,5.0,5.0,4.0,5
3.0,1.0,2.0,3.0,1.0,4.0,4.0,2.0,4.0,4.0,2.0,3.0,4.0,4.0,4.0,2.0,4.0,4.0,2.0,4.0,4.0,2.0,5.0,2.0,2.0,4.0,2.0,4.0,2.0,4.0,5
1.0,1.0,2.0,3.0,1.0,5.0,5.0,5.0,5.0,4.0,3.0,3.0,4.0,4.0,4.0,3.0,4.0,2.0,3.0,3.0,4.0,5.0,5.0,3.0,3.0,4.0,4.0,4.0,4.0,4.0,5
2.0,1.0,1.0,3.0,1.0,3.0,2.0,3.0,3.0,4.0,4.0,4.0,3.0,3.0,2.0,4.0,3.0,4.0,3.0,4.0,4.0,3.0,3.0,4.0,2.0,2.0,4.0,3.0,3.0,4.0,5
2.0,1.0,1.0,3.0,1.0,4.0,4.0,4.0,4.0,4.0,4.0,5.0,4.0,4.0,4.0,4.0,4.0,4.0,4.0,4.0,4.0,4.0,5.0,5.0,5.0,5.0,5.0,5.0,5.0,5.0,5
3.0,1.0,1.0,3.0,1.0,5.0,4.0,5.0,5.0,3.0,4.0,4.0,2.0,5.0,4.0,5.0,5.0,3.0,4.0,4.0,2.0,3.0,3.0,4.0,4.0,4.0,4.0,4.0,4.0,3.0,5
4.0,1.0,2.0,3.0,6.0,5.0,5.0,5.0,3.0,4.0,3.0,5.0,4.0,5.0,5.0,5.0,3.0,3.0,3.0,5.0,5.0,5.0,3.0,3.0,3.0,3.0,2.0,2.0,4.0,4.0,5
3.0,1.0,1.0,4.0,1.0,4.0,4.0,4.0,5.0,4.0,2.0,2.0,2.0,2.0,4.0,4.0,4.0,4.0,2.0,2.0,2.0,5.0,5.0,5.0,5.0,2.0,3.0,4.0,3.0,3.0,5
3.0,2.0,1.0,4.0,3.0,4.0,3.0,4.0,4.0,4.0,3.0,1.0,2.0,4.0,3.0,4.0,4.0,3.0,3.0,1.0,2.0,4.0,5.0,4.0,4.0,3.0,4.0,4.0,4.0,3.0,0
3.0,1.0,2.0,3.0,4.0,5.0,4.0,5.0,4.0,3.0,1.0,1.0,1.0,5.0,4.0,5.0,4.0,3.0,1.0,1.0,1.0,5.0,3.0,4.0,4.0,1.0,2.0,4.0,3.0,3.0,5
4.0,1.0,1.0,3.0,1.0,4.0,4.0,5.0,5.0,5.0,4.0,5.0,4.0,4.0,4.0,5.0,5.0,4.0,4.0,5.0,4.0,4.0,5.0,4.0,3.0,5.0,5.0,5.0,5.0,5.0,5
3.0,1.0,1.0,2.0,1.0,5.0,4.0,5.0,4.0,2.0,4.0,4.0,4.0,5.0,4.0,5.0,5.0,2.0,3.0,4.0,4.0,5.0,5.0,1.0,5.0,4.0,4.0,4.0,4.0,4.0,5
3.0,2.0,2.0,3.0,1.0,5.0,4.0,5.0,5.0,5.0,2.0,1.0,2.0,4.0,4.0,4.0,4.0,4.0,4.0,5.0,4.0,5.0,5.0,4.0,5.0,5.0,5.0,4.0,5.0,4.0,1
2.0,1.0,1.0,3.0,1.0,5.0,4.0,5.0,5.0,4.0,4.0,2.0,2.0,2.0,2.0,2.0,2.0,1.0,1.0,1.0,1.0,4.0,5.0,3.0,2.0,3.0,2.0,3.0,2.0,3.0,5
1.0,1.0,1.0,2.0,7.0,5.0,4.0,5.0,5.0,5.0,4.0,1.0,4.0,4.0,2.0,1.0,1.0,3.0,2.0,2.0,3.0,3.0,4.0,5.0,2.0,4.0,4.0,5.0,4.0,4.0,5
3.0,1.0,1.0,4.0,2.0,5.0,5.0,5.0,5.0,5.0,1.0,1.0,1.0,5.0,5.0,4.0,5.0,4.0,4.0,4.0,4.0,4.0,4.0,3.0,4.0,3.0,4.0,4.0,4.0,3.0,5
2.0,2.0,2.0,3.0,7.0,4.0,4.0,5.0,4.0,4.0,2.0,1.0,2.0,5.0,4.0,5.0,4.0,4.0,4.0,2.0,2.0,5.0,5.0,5.0,4.0,3.0,3.0,4.0,3.0,4.0,3
2.0,2.0,1.0,3.0,1.0,5.0,4.0,4.0,4.0,3.0,4.0,1.0,2.0,2.0,2.0,2.0,2.0,1.0,3.0,1.0,1.0,4.0,5.0,4.0,3.0,2.0,3.0,3.0,4.0,3.0,4
3.0,2.0,2.0,2.0,2.0,5.0,4.0,5.0,5.0,4.0,2.0,2.0,3.0,5.0,4.0,5.0,5.0,5.0,3.0,3.0,3.0,4.0,5.0,4.0,4.0,2.0,2.0,4.0,4.0,3.0,4
3.0,1.0,1.0,3.0,1.0,4.0,4.0,4.0,3.0,4.0,1.0,2.0,1.0,4.0,4.0,1.0,2.0,4.0,2.0,3.0,3.0,4.0,5.0,3.0,4.0,4.0,4.0,5.0,4.0,5.0,5
2.0,1.0,1.0,4.0,2.0,4.0,4.0,4.0,4.0,4.0,1.0,1.0,2.0,5.0,4.0,4.0,4.0,4.0,1.0,1.0,2.0,4.0,4.0,3.0,3.0,3.0,3.0,3.0,3.0,3.0,5
4.0,1.0,1.0,3.0,6.0,5.0,5.0,5.0,5.0,5.0,1.0,1.0,1.0,4.0,4.0,4.0,4.0,4.0,2.0,2.0,2.0,3.0,4.0,2.0,1.0,4.0,4.0,4.0,3.0,4.0,5
3.0,2.0,1.0,3.0,1.0,5.0,4.0,4.0,4.0,3.0,4.0,5.0,4.0,5.0,4.0,2.0,3.0,3.0,3.0,4.0,2.0,5.0,5.0,4.0,4.0,3.0,4.0,5.0,4.0,3.0,3
3.0,1.0,2.0,3.0,1.0,4.0,4.0,5.0,5.0,4.0,2.0,1.0,2.0,4.0,4.0,4.0,4.0,4.0,1.0,1.0,2.0,5.0,5.0,4.0,5.0,1.0,3.0,4.0,4.0,3.0,5
1.0,1.0,1.0,2.0,2.0,4.0,4.0,4.0,4.0,5.0,4.0,2.0,3.0,4.0,4.0,5.0,4.0,4.0,3.0,3.0,4.0,5.0,5.0,5.0,5.0,2.0,4.0,4.0,4.0,4.0,3
2.0,2.0,2.0,3.0,1.0,4.0,4.0,4.0,4.0,4.0,2.0,1.0,2.0,2.0,5.0,3.0,4.0,4.0,4.0,3.0,2.0,5.0,4.0,5.0,4.0,4.0,5.0,4.0,4.0,5.0,3
3.0,1.0,2.0,2.0,2.0,5.0,5.0,5.0,5.0,5.0,1.0,1.0,2.0,2.0,2.0,5.0,5.0,5.0,1.0,3.0,1.0,4.0,4.0,5.0,3.0,2.0,4.0,4.0,4.0,4.0,5
3.0,1.0,1.0,3.0,1.0,4.0,4.0,4.0,5.0,4.0,3.0,4.0,3.0,3.0,4.0,4.0,4.0,4.0,4.0,4.0,4.0,4.0,5.0,4.0,4.0,4.0,4.0,4.0,4.0,5.0,5
3.0,1.0,1.0,3.0,7.0,5.0,4.0,4.0,5.0,5.0,1.0,1.0,1.0,3.0,3.0,1.0,1.0,3.0,2.0,2.0,2.0,4.0,4.0,3.0,4.0,3.0,3.0,3.0,3.0,3.0,3
2.0,2.0,2.0,4.0,2.0,5.0,4.0,4.0,4.0,2.0,3.0,2.0,1.0,4.0,5.0,2.0,2.0,4.0,1.0,2.0,2.0,5.0,5.0,4.0,5.0,2.0,2.0,4.0,5.0,4.0,0
1.0,2.0,2.0,2.0,5.0,5.0,4.0,4.0,5.0,4.0,2.0,2.0,2.0,4.0,5.0,4.0,5.0,5.0,2.0,2.0,2.0,5.0,5.0,5.0,5.0,4.0,4.0,4.0,5.0,2.0,4
2.0,1.0,1.0,3.0,1.0,5.0,4.0,5.0,5.0,2.0,1.0,1.0,2.0,5.0,4.0,5.0,4.0,2.0,1.0,1.0,2.0,4.0,5.0,4.0,4.0,1.0,1.0,4.0,4.0,3.0,5
2.0,1.0,1.0,2.0,1.0,4.0,3.0,4.0,5.0,4.0,3.0,1.0,3.0,4.0,3.0,3.0,2.0,1.0,3.0,1.0,4.0,4.0,5.0,4.0,3.0,1.0,1.0,4.0,1.0,1.0,4
3.0,1.0,1.0,4.0,2.0,5.0,4.0,5.0,5.0,4.0,2.0,2.0,3.0,4.0,2.0,4.0,2.0,2.0,1.0,2.0,1.0,4.0,4.0,4.0,4.0,3.0,4.0,4.0,3.0,4.0,5
2.0,2.0,2.0,3.0,1.0,5.0,4.0,4.0,4.0,2.0,4.0,1.0,2.0,2.0,4.0,4.0,4.0,2.0,2.0,1.0,1.0,5.0,5.0,5.0,5.0,1.0,1.0,1.0,4.0,3.0,4
2.0,2.0,1.0,2.0,1.0,5.0,5.0,5.0,5.0,5.0,4.0,3.0,4.0,5.0,5.0,5.0,5.0,5.0,4.0,4.0,4.0,5.0,5.0,5.0,5.0,5.0,5.0,5.0,5.0,5.0,1
3.0,2.0,2.0,3.0,1.0,5.0,4.0,4.0,4.0,4.0,2.0,2.0,2.0,4.0,4.0,4.0,4.0,4.0,1.0,1.0,1.0,4.0,3.0,4.0,4.0,3.0,2.0,2.0,2.0,2.0,0
3.0,2.0,1.0,2.0,1.0,4.0,2.0,4.0,3.0,2.0,3.0,2.0,2.0,4.0,2.0,3.0,4.0,3.0,2.0,2.0,2.0,4.0,5.0,3.0,4.0,3.0,3.0,4.0,4.0,3.0,4
3.0,2.0,1.0,3.0,1.0,5.0,5.0,4.0,4.0,3.0,2.0,2.0,2.0,2.0,5.0,1.0,1.0,5.0,2.0,2.0,2.0,5.0,5.0,3.0,4.0,2.0,3.0,4.0,4.0,4.0,1
3.0,1.0,2.0,3.0,2.0,5.0,4.0,3.0,5.0,4.0,1.0,1.0,1.0,4.0,3.0,5.0,5.0,4.0,4.0,3.0,3.0,3.0,3.0,2.0,2.0,4.0,3.0,2.0,3.0,4.0,5
3.0,2.0,2.0,3.0,4.0,5.0,4.0,3.0,5.0,4.0,1.0,4.0,4.0,5.0,4.0,3.0,4.0,4.0,1.0,4.0,4.0,4.0,5.0,5.0,4.0,5.0,4.0,5.0,5.0,5.0,1
3.0,2.0,2.0,2.0,7.0,4.0,4.0,5.0,5.0,4.0,1.0,1.0,2.0,2.0,2.0,5.0,2.0,2.0,2.0,3.0,3.0,5.0,5.0,4.0,5.0,2.0,4.0,4.0,4.0,4.0,4
4.0,2.0,1.0,2.0,1.0,4.0,4.0,4.0,4.0,4.0,3.0,4.0,3.0,4.0,4.0,4.0,4.0,4.0,1.0,4.0,3.0,2.0,2.0,2.0,2.0,4.0,4.0,4.0,3.0,4.0,0
3.0,1.0,2.0,3.0,1.0,4.0,4.0,4.0,3.0,2.0,1.0,1.0,1.0,4.0,2.0,2.0,4.0,2.0,4.0,3.0,1.0,5.0,5.0,3.0,4.0,1.0,2.0,2.0,2.0,1.0,5
1.0,2.0,1.0,4.0,5.0,4.0,4.0,4.0,3.0,2.0,2.0,4.0,3.0,4.0,4.0,4.0,3.0,2.0,2.0,4.0,3.0,4.0,5.0,5.0,5.0,5.0,5.0,5.0,5.0,5.0,4
3.0,2.0,1.0,3.0,1.0,5.0,4.0,4.0,5.0,5.0,3.0,3.0,2.0,2.0,4.0,2.0,1.0,5.0,4.0,3.0,3.0,4.0,5.0,4.0,4.0,3.0,4.0,4.0,4.0,4.0,1
4.0,1.0,2.0,4.0,2.0,4.0,2.0,2.0,4.0,2.0,2.0,2.0,2.0,4.0,4.0,4.0,3.0,4.0,3.0,2.0,2.0,2.0,2.0,2.0,3.0,4.0,4.0,4.0,3.0,4.0,0
2.0,2.0,1.0,3.0,1.0,4.0,3.0,4.0,3.0,5.0,2.0,2.0,2.0,3.0,4.0,3.0,2.0,2.0,2.0,3.0,3.0,3.0,2.0,3.0,3.0,2.0,3.0,3.0,4.0,4.0,3
4.0,2.0,2.0,3.0,2.0,4.0,4.0,4.0,4.0,3.0,1.0,1.0,1.0,4.0,4.0,4.0,4.0,3.0,1.0,1.0,1.0,4.0,5.0,4.0,5.0,2.0,2.0,2.0,3.0,3.0,0
4.0,2.0,2.0,4.0,7.0,5.0,4.0,5.0,4.0,3.0,1.0,1.0,1.0,1.0,2.0,1.0,1.0,2.0,1.0,2.0,1.0,4.0,4.0,3.0,3.0,1.0,1.0,3.0,2.0,3.0,3
3.0,2.0,1.0,4.0,1.0,4.0,4.0,3.0,3.0,4.0,2.0,2.0,2.0,4.0,4.0,4.0,4.0,3.0,2.0,2.0,2.0,3.0,3.0,3.0,4.0,4.0,4.0,4.0,4.0,4.0,0
4.0,2.0,1.0,3.0,6.0,5.0,4.0,5.0,4.0,3.0,1.0,1.0,1.0,4.0,4.0,5.0,4.0,4.0,2.0,2.0,2.0,5.0,5.0,5.0,5.0,3.0,3.0,4.0,4.0,3.0,4
3.0,1.0,2.0,3.0,2.0,5.0,4.0,4.0,4.0,3.0,5.0,5.0,5.0,4.0,4.0,4.0,4.0,3.0,5.0,5.0,5.0,3.0,5.0,5.0,3.0,2.0,1.0,2.0,2.0,2.0,2
3.0,1.0,1.0,3.0,4.0,5.0,4.0,5.0,5.0,4.0,1.0,1.0,1.0,2.0,4.0,5.0,4.0,4.0,1.0,1.0,1.0,4.0,5.0,3.0,2.0,2.0,2.0,2.0,2.0,3.0,2
3.0,1.0,1.0,4.0,2.0,5.0,4.0,4.0,5.0,3.0,5.0,2.0,1.0,5.0,5.0,5.0,5.0,3.0,5.0,1.0,1.0,3.0,3.0,3.0,3.0,3.0,4.0,3.0,3.0,3.0,5
3.0,1.0,2.0,2.0,6.0,5.0,3.0,4.0,4.0,2.0,1.0,1.0,1.0,5.0,4.0,4.0,4.0,2.0,1.0,1.0,1.0,3.0,3.0,3.0,3.0,1.0,2.0,2.0,2.0,1.0,2
3.0,2.0,2.0,2.0,1.0,1.0,2.0,1.0,2.0,2.0,2.0,5.0,4.0,1.0,2.0,3.0,2.0,2.0,3.0,4.0,4.0,3.0,2.0,5.0,3.0,2.0,5.0,4.0,4.0,4.0,0
