X,location,group,group_value,Life.Stage_Ls1,Life.Stage_Ls2,Life.Stage_Ls3,Life.Stage_Ls4,Gender_G1,Gender_G2,Ethnicity_E1,Ethnicity_E2,Ethnicity_E3,Ethnicity_E4,Ethnicity_E5,Social.Relationship.Typology_Al,Social.Relationship.Typology_Int,Social.Relationship.Typology_Soc,Social.Relationship.Typology_Per,Social.Interaction.Typology_E,Social.Interaction.Typology_P,Social.Interaction.Typology_F
0,Botanical Gardens,DayType,Weekday,92,25,880,340,780,557,87,24,1147,68,11,461,301,331,244,875,452,10
1,Botanical Gardens,DayType,Weekend,42,12,335,100,283,206,65,14,353,56,1,67,104,164,154,420,67,2
2,Botanical Gardens,Hour,12,28,5,287,125,260,185,18,5,402,16,4,172,106,103,64,271,168,6
3,Botanical Gardens,Hour,13,37,17,385,124,334,229,31,13,479,35,5,172,110,175,106,391,170,2
4,Botanical Gardens,Hour,14,27,8,235,101,222,149,48,3,283,35,2,80,89,96,106,290,79,2
5,Botanical Gardens,Hour,15,18,5,123,25,99,72,19,9,131,12,0,26,39,63,43,145,26,0
6,Botanical Gardens,Hour,11,4,0,29,12,24,21,2,3,34,6,0,19,10,7,9,26,17,2
7,Botanical Gardens,Hour,16,19,2,143,52,115,101,34,5,165,11,1,59,49,43,65,157,59,0
8,Botanical Gardens,Hour,17,1,0,13,1,9,6,0,0,6,9,0,0,2,8,5,15,0,0
9,Botanical Gardens,Day,9,12,4,150,49,122,93,6,5,195,8,1,86,46,56,27,130,85,0
10,Botanical Gardens,Day,10,19,9,120,55,121,82,15,5,168,12,3,57,50,60,36,143,55,5
11,Botanical Gardens,Day,11,19,9,167,61,143,113,31,4,184,37,0,32,50,92,82,222,32,2
12,Botanical Gardens,Day,19,11,2,174,50,143,94,11,2,214,8,2,91,44,61,41,147,88,2
13,Botanical Gardens,Day,21,8,4,97,56,94,71,1,1,157,6,0,74,33,33,25,91,73,1
14,Botanical Gardens,Day,30,12,0,129,35,106,70,10,5,148,10,3,65,41,38,32,111,63,2
15,Botanical Gardens,Day,29,19,6,116,61,124,78,30,2,154,14,2,42,55,49,56,160,42,0
16,Botanical Gardens,Day,23,23,3,168,39,140,93,34,10,169,19,1,35,54,72,72,198,35,0
17,Botanical Gardens,Day,17,11,0,94,34,70,69,14,4,111,10,0,46,32,34,27,93,46,0
18,Botanical Gardens,Month,10,31,13,270,104,243,175,21,10,363,20,4,143,96,116,63,273,140,5
19,Botanical Gardens,Month,11,19,9,167,61,143,113,31,4,184,37,0,32,50,92,82,222,32,2
20,Botanical Gardens,Month,12,11,2,174,50,143,94,11,2,214,8,2,91,44,61,41,147,88,2
21,Botanical Gardens,Month,3,8,4,97,56,94,71,1,1,157,6,0,74,33,33,25,91,73,1
22,Botanical Gardens,Month,4,12,0,129,35,106,70,10,5,148,10,3,65,41,38,32,111,63,2
23,Botanical Gardens,Month,5,19,6,116,61,124,78,30,2,154,14,2,42,55,49,56,160,42,0
24,Botanical Gardens,Month,6,23,3,168,39,140,93,34,10,169,19,1,35,54,72,72,198,35,0
25,Botanical Gardens,Month,7,11,0,94,34,70,69,14,4,111,10,0,46,32,34,27,93,46,0
26,Botanical Gardens,Weekday,0,12,4,150,49,122,93,6,5,195,8,1,86,46,56,27,130,85,0
27,Botanical Gardens,Weekday,1,42,11,423,140,370,246,36,12,530,30,8,213,135,159,109,401,206,9
28,Botanical Gardens,Weekday,5,19,9,167,61,143,113,31,4,184,37,0,32,50,92,82,222,32,2
29,Botanical Gardens,Weekday,3,8,4,97,56,94,71,1,1,157,6,0,74,33,33,25,91,73,1
30,Botanical Gardens,Weekday,2,30,6,210,95,194,147,44,6,265,24,2,88,87,83,83,253,88,0
31,Botanical Gardens,Weekday,6,23,3,168,39,140,93,34,10,169,19,1,35,54,72,72,198,35,0
32,Botanical Gardens,Season,Autumn,50,22,437,165,386,288,52,14,547,57,4,175,146,208,145,495,172,7
33,Botanical Gardens,Season,Winter,11,2,174,50,143,94,11,2,214,8,2,91,44,61,41,147,88,2
34,Botanical Gardens,Season,Spring,39,10,342,152,324,219,41,8,459,30,5,181,129,120,113,362,178,3
35,Botanical Gardens,Season,Summer,34,3,262,73,210,162,48,14,280,29,1,81,86,106,99,291,81,0
36,Division Street,DayType,Weekday,133,58,1825,357,1125,1248,319,177,1488,360,29,649,354,926,444,1692,635,46
37,Division Street,DayType,Weekend,21,7,281,52,171,190,45,36,224,52,4,45,75,173,68,312,45,4
38,Division Street,Hour,17,2,2,114,11,61,68,23,9,82,13,2,53,22,50,4,71,55,3
39,Division Street,Hour,18,1,2,61,9,29,44,9,4,54,6,0,19,19,32,3,43,20,10
40,Division Street,Hour,19,0,0,6,0,2,4,2,0,4,0,0,0,1,5,0,6,0,0
41,Division Street,Hour,11,6,1,74,27,57,51,16,12,60,19,1,31,15,42,20,77,31,0
42,Division Street,Hour,12,23,10,230,49,162,150,29,39,201,38,5,77,47,116,72,225,75,12
43,Division Street,Hour,13,39,10,331,102,213,269,56,24,329,69,4,132,71,160,119,350,128,4
44,Division Street,Hour,14,35,23,566,107,364,367,115,53,429,125,9,167,127,297,140,563,159,9
45,Division Street,Hour,15,39,14,610,83,341,405,102,58,468,108,10,177,102,345,122,560,174,12
46,Division Street,Hour,16,9,3,114,21,67,80,12,14,85,34,2,38,25,52,32,109,38,0
47,Division Street,Day,16,3,4,99,11,49,68,20,6,79,12,0,29,26,55,7,74,30,13
48,Division Street,Day,17,7,5,270,67,175,174,44,21,218,62,4,97,48,168,36,248,97,4
49,Division Street,Day,25,8,9,115,14,67,79,27,3,84,26,6,35,26,66,19,112,31,3
50,Division Street,Day,23,11,3,221,47,144,138,45,31,162,42,2,82,47,104,49,195,82,5
51,Division Street,Day,26,1,0,113,10,59,65,17,8,80,17,2,54,20,48,2,68,56,0
52,Division Street,Day,29,32,17,288,47,173,211,51,17,255,57,4,81,40,149,114,297,78,9
53,Division Street,Day,4,37,8,242,36,160,163,52,29,184,53,5,84,36,102,101,236,77,10
54,Division Street,Day,13,9,3,238,60,133,177,25,32,208,44,1,91,60,125,34,219,91,0
55,Division Street,Day,11,17,7,226,46,141,155,29,33,182,48,4,34,62,141,59,261,34,1
56,Division Street,Day,20,5,4,179,38,108,118,30,18,144,31,3,60,40,98,28,166,59,1
57,Division Street,Day,30,24,5,115,33,87,90,24,15,116,20,2,47,24,43,63,128,45,4
58,Division Street,Month,8,14,14,277,48,156,197,54,14,227,50,8,90,61,169,33,248,87,18
59,Division Street,Month,9,5,0,168,16,89,100,33,11,122,21,2,65,33,80,11,119,67,3
60,Division Street,Month,11,4,4,207,44,135,124,37,16,154,50,2,71,39,120,29,186,71,2
61,Division Street,Month,12,32,17,288,47,173,211,51,17,255,57,4,81,40,149,114,297,78,9
62,Division Street,Month,1,37,8,242,36,160,163,52,29,184,53,5,84,36,102,101,236,77,10
63,Division Street,Month,3,9,3,238,60,133,177,25,32,208,44,1,91,60,125,34,219,91,0
64,Division Street,Month,4,7,3,166,41,114,103,29,28,120,38,2,71,34,72,40,144,71,2
65,Division Street,Month,5,17,7,226,46,141,155,29,33,182,48,4,34,62,141,59,261,34,1
66,Division Street,Month,6,5,4,179,38,108,118,30,18,144,31,3,60,40,98,28,166,59,1
67,Division Street,Month,7,24,5,115,33,87,90,24,15,116,20,2,47,24,43,63,128,45,4
68,Division Street,Weekday,2,12,7,337,71,182,245,45,38,287,56,1,120,86,180,41,293,121,13
69,Division Street,Weekday,3,45,13,484,97,308,331,89,52,392,96,10,170,85,248,136,464,162,13
70,Division Street,Weekday,4,44,30,610,105,375,414,115,36,493,133,12,187,105,335,162,595,180,14
71,Division Street,Weekday,5,21,7,281,52,171,190,45,36,224,52,4,45,75,173,68,312,45,4
72,Division Street,Weekday,1,32,8,394,84,260,258,70,51,316,75,6,172,78,163,105,340,172,6
73,Division Street,Season,Summer,43,23,571,119,351,405,108,47,487,101,13,197,125,310,124,542,191,23
74,Division Street,Season,Autumn,9,4,375,60,224,224,70,27,276,71,4,136,72,200,40,305,138,5
75,Division Street,Season,Winter,69,25,530,83,333,374,103,46,439,110,9,165,76,251,215,533,155,19
76,Division Street,Season,Spring,33,13,630,147,388,435,83,93,510,130,7,196,156,338,133,624,196,3
77,Ecclesall Road,DayType,Weekday,130,44,1506,414,1109,985,216,134,1606,106,32,681,357,695,361,1358,676,60
78,Ecclesall Road,DayType,Weekend,37,19,373,92,258,263,44,17,433,24,3,101,123,154,143,419,102,0
79,Ecclesall Road,Hour,12,19,10,320,81,202,228,41,36,326,21,6,142,63,154,71,275,141,14
80,Ecclesall Road,Hour,13,41,6,462,162,375,296,41,31,569,24,6,181,151,207,132,470,179,22
81,Ecclesall Road,Hour,14,23,15,477,137,350,302,71,37,506,31,7,183,133,214,122,462,184,6
82,Ecclesall Road,Hour,15,45,12,297,52,215,191,52,23,295,31,5,99,73,136,98,300,99,7
83,Ecclesall Road,Hour,16,33,19,230,57,165,174,38,19,256,17,9,134,36,98,71,199,132,8
84,Ecclesall Road,Hour,17,6,1,92,16,59,56,17,5,85,6,2,41,24,40,10,71,41,3
85,Ecclesall Road,Hour,11,0,0,1,1,1,1,0,0,2,0,0,2,0,0,0,0,2,0
86,Ecclesall Road,Day,22,14,7,170,31,127,95,22,13,170,8,9,74,37,68,43,135,73,14
87,Ecclesall Road,Day,23,19,17,338,80,231,223,55,25,347,17,10,133,101,151,69,311,131,12
88,Ecclesall Road,Day,9,11,12,81,24,62,66,14,6,99,6,3,60,10,33,25,64,60,4
89,Ecclesall Road,Day,17,34,10,416,128,291,297,49,29,475,33,2,155,130,180,123,426,156,6
90,Ecclesall Road,Day,24,33,5,201,47,161,125,30,23,213,18,2,79,48,85,74,205,79,2
91,Ecclesall Road,Day,18,28,4,233,61,165,161,39,12,251,21,3,101,51,107,67,218,99,9
92,Ecclesall Road,Day,11,20,4,207,72,157,146,24,16,245,13,5,80,35,123,65,219,80,4
93,Ecclesall Road,Day,13,8,4,233,63,173,135,27,27,239,14,1,100,68,102,38,199,100,9
94,Ecclesall Road,Month,8,22,14,364,67,245,222,60,30,337,22,18,167,85,161,54,277,164,26
95,Ecclesall Road,Month,10,11,12,81,24,62,66,14,6,99,6,3,60,10,33,25,64,60,4
96,Ecclesall Road,Month,11,33,5,201,48,161,126,30,23,214,18,2,80,48,85,74,205,80,2
97,Ecclesall Road,Month,12,28,4,233,61,165,161,39,12,251,21,3,101,51,107,67,218,99,9
98,Ecclesall Road,Month,3,26,9,229,48,145,167,27,9,253,21,2,61,70,96,85,250,62,0
99,Ecclesall Road,Month,4,20,4,207,72,157,146,24,16,245,13,5,80,35,123,65,219,80,4
100,Ecclesall Road,Month,5,8,4,233,63,173,135,27,27,239,14,1,100,68,102,38,199,100,9
101,Ecclesall Road,Month,6,11,10,144,44,113,96,17,8,180,3,1,40,53,58,58,169,40,0
102,Ecclesall Road,Month,7,8,1,187,79,146,129,22,20,221,12,0,93,60,84,38,176,93,6
103,Ecclesall Road,Weekday,1,14,7,170,31,127,95,22,13,170,8,9,74,37,68,43,135,73,14
104,Ecclesall Road,Weekday,2,16,8,381,115,264,256,60,37,388,26,9,186,108,177,49,318,184,18
105,Ecclesall Road,Weekday,0,47,20,547,148,400,362,80,45,589,41,7,261,129,242,130,481,259,22
106,Ecclesall Road,Weekday,4,33,5,201,48,161,126,30,23,214,18,2,80,48,85,74,205,80,2
107,Ecclesall Road,Weekday,6,37,19,373,92,258,263,44,17,433,24,3,101,123,154,143,419,102,0
108,Ecclesall Road,Weekday,3,20,4,207,72,157,146,24,16,245,13,5,80,35,123,65,219,80,4
109,Ecclesall Road,Season,Summer,41,25,695,190,504,447,99,58,738,37,19,300,198,303,150,622,297,32
110,Ecclesall Road,Season,Autumn,44,17,282,72,223,192,44,29,313,24,5,140,58,118,99,269,140,6
111,Ecclesall Road,Season,Winter,28,4,233,61,165,161,39,12,251,21,3,101,51,107,67,218,99,9
112,Ecclesall Road,Season,Spring,54,17,669,183,475,448,78,52,737,48,8,241,173,321,188,668,242,13
113,Peace Gardens,DayType,Weekday,110,85,960,268,679,744,274,98,933,102,16,486,225,403,309,932,481,10
114,Peace Gardens,Hour,11,26,10,129,67,121,111,41,15,152,23,1,89,38,31,74,141,87,4
115,Peace Gardens,Hour,12,41,32,330,105,233,275,68,35,362,36,7,164,77,160,107,343,164,1
116,Peace Gardens,Hour,15,14,19,133,22,95,93,52,13,110,10,3,45,26,68,49,141,45,2
117,Peace Gardens,Hour,16,5,3,44,8,25,35,13,4,34,8,1,24,18,8,10,36,24,0
118,Peace Gardens,Hour,13,6,7,180,43,104,132,48,13,168,6,1,103,36,77,20,133,102,1
119,Peace Gardens,Hour,14,18,14,144,23,101,98,52,18,107,19,3,61,30,59,49,138,59,2
120,Peace Gardens,Day,16,14,9,46,28,43,54,13,10,65,6,3,20,30,14,33,77,20,0
121,Peace Gardens,Day,25,5,2,86,12,49,56,20,7,64,10,4,31,24,39,11,74,31,0
122,Peace Gardens,Day,26,2,2,75,12,46,45,19,10,57,5,0,33,14,37,7,60,31,0
123,Peace Gardens,Day,9,4,6,64,17,50,41,13,4,65,7,2,26,8,46,11,63,26,2
124,Peace Gardens,Day,10,5,0,70,11,47,39,23,5,50,7,1,35,20,21,10,51,33,2
125,Peace Gardens,Day,28,1,2,64,18,38,47,25,4,50,6,0,32,16,28,9,53,32,0
126,Peace Gardens,Day,29,16,12,108,31,60,107,30,9,114,12,2,59,18,50,40,108,59,0
127,Peace Gardens,Day,18,22,13,205,67,145,162,49,26,200,30,2,138,47,66,56,166,137,4
128,Peace Gardens,Day,30,26,30,123,24,100,103,54,18,118,11,2,50,22,52,79,151,50,2
129,Peace Gardens,Day,20,15,9,119,48,101,90,28,5,150,8,0,62,26,50,53,129,62,0
130,Peace Gardens,Month,8,14,9,46,28,43,54,13,10,65,6,3,20,30,14,33,77,20,0
131,Peace Gardens,Month,9,7,4,161,24,95,101,39,17,121,15,4,64,38,76,18,134,62,0
132,Peace Gardens,Month,11,9,6,134,28,97,80,36,9,115,14,3,61,28,67,21,114,59,4
133,Peace Gardens,Month,2,17,14,172,49,98,154,55,13,164,18,2,91,34,78,49,161,91,0
134,Peace Gardens,Month,3,13,6,102,36,88,69,29,8,97,21,2,65,30,27,35,90,64,3
135,Peace Gardens,Month,4,9,7,103,31,57,93,20,18,103,9,0,73,17,39,21,76,73,1
136,Peace Gardens,Month,5,26,30,123,24,100,103,54,18,118,11,2,50,22,52,79,151,50,2
137,Peace Gardens,Month,6,15,9,119,48,101,90,28,5,150,8,0,62,26,50,53,129,62,0
138,Peace Gardens,Weekday,2,15,11,110,46,81,101,38,14,115,12,3,52,46,42,42,130,52,0
139,Peace Gardens,Weekday,0,18,8,188,48,137,125,49,15,161,31,6,96,54,66,46,164,95,3
140,Peace Gardens,Weekday,1,2,2,75,12,46,45,19,10,57,5,0,33,14,37,7,60,31,0
141,Peace Gardens,Weekday,3,70,64,517,151,368,434,145,54,550,47,6,270,91,237,204,527,270,5
142,Peace Gardens,Weekday,4,5,0,70,11,47,39,23,5,50,7,1,35,20,21,10,51,33,2
143,Peace Gardens,Season,Summer,29,18,165,76,144,144,41,15,215,14,3,82,56,64,86,206,82,0
144,Peace Gardens,Season,Autumn,16,10,295,52,192,181,75,26,236,29,7,125,66,143,39,248,121,4
145,Peace Gardens,Season,Winter,17,14,172,49,98,154,55,13,164,18,2,91,34,78,49,161,91,0
146,Peace Gardens,Season,Spring,48,43,328,91,245,265,103,44,318,41,4,188,69,118,135,317,187,6
147,Western Bank Park,DayType,Weekend,71,18,374,61,282,242,70,34,351,58,11,70,105,144,205,453,68,3
148,Western Bank Park,DayType,Weekday,41,10,646,89,443,343,101,37,517,125,6,266,125,288,107,520,266,0
149,Western Bank Park,Hour,12,2,0,29,6,21,16,3,1,28,4,1,11,10,12,4,26,11,0
150,Western Bank Park,Hour,13,38,8,252,34,187,145,51,23,206,47,5,76,63,96,97,257,75,0
151,Western Bank Park,Hour,14,35,15,399,71,286,234,62,20,356,77,5,119,92,187,122,399,118,3
152,Western Bank Park,Hour,15,22,5,260,29,174,142,39,23,206,43,5,97,51,108,60,219,97,0
153,Western Bank Park,Hour,10,5,0,13,0,12,6,2,1,15,0,0,2,2,5,9,16,2,0
154,Western Bank Park,Hour,11,1,0,0,0,1,0,0,0,1,0,0,0,0,0,1,1,0,0
155,Western Bank Park,Hour,16,9,0,67,10,44,42,14,3,56,12,1,31,12,24,19,55,31,0
156,Western Bank Park,Day,23,15,4,75,12,59,47,16,8,63,16,3,20,33,29,24,87,19,0
157,Western Bank Park,Day,6,6,2,95,15,64,54,13,8,67,26,4,54,16,35,13,64,54,0
158,Western Bank Park,Day,3,3,2,103,19,68,59,18,6,79,24,0,47,24,40,16,80,47,0
159,Western Bank Park,Day,5,31,9,126,17,93,90,19,12,137,9,6,26,28,42,87,155,25,3
160,Western Bank Park,Day,18,8,3,146,20,98,79,19,5,122,31,0,68,24,62,23,109,68,0
161,Western Bank Park,Day,20,25,5,174,32,131,105,35,14,151,34,2,25,44,73,94,211,25,0
162,Western Bank Park,Day,10,6,0,189,16,130,81,26,11,146,27,1,50,41,104,16,161,50,0
163,Western Bank Park,Day,30,18,3,112,19,82,70,25,7,103,16,1,46,20,47,39,106,46,0
164,Western Bank Park,Month,9,15,4,74,12,58,47,16,8,63,15,3,19,33,29,24,87,18,0
165,Western Bank Park,Month,10,6,2,95,15,64,54,13,8,67,26,4,54,16,35,13,64,54,0
166,Western Bank Park,Month,11,34,11,229,36,161,149,37,18,216,33,6,73,52,82,103,235,72,3
167,Western Bank Park,Month,3,8,3,146,20,98,79,19,5,122,31,0,68,24,62,23,109,68,0
168,Western Bank Park,Month,4,25,5,175,32,132,105,35,14,151,35,2,26,44,73,94,211,26,0
169,Western Bank Park,Month,5,6,0,189,16,130,81,26,11,146,27,1,50,41,104,16,161,50,0
170,Western Bank Park,Month,7,18,3,112,19,82,70,25,7,103,16,1,46,20,47,39,106,46,0
171,Western Bank Park,Weekday,5,40,9,248,44,189,152,51,22,214,49,5,44,77,102,118,298,43,0
172,Western Bank Park,Weekday,4,15,4,387,50,262,194,57,25,292,77,5,151,81,179,45,305,151,0
173,Western Bank Park,Weekday,6,31,9,126,17,93,90,19,12,137,9,6,26,28,42,87,155,25,3
174,Western Bank Park,Weekday,0,8,3,146,20,98,79,19,5,122,31,0,68,24,62,23,109,68,0
175,Western Bank Park,Weekday,1,18,3,113,19,83,70,25,7,103,17,1,47,20,47,39,106,47,0
176,Western Bank Park,Season,Autumn,55,17,398,63,283,250,66,34,346,74,13,146,101,146,140,386,144,3
177,Western Bank Park,Season,Spring,39,8,510,68,360,265,80,30,419,93,3,144,109,239,133,481,144,0
178,Western Bank Park,Season,Summer,18,3,112,19,82,70,25,7,103,16,1,46,20,47,39,106,46,0
188,Sheffield,DayType,Weekday,506,222,5817,1468,4136,3877,997,470,5691,761,94,2543,1362,2643,1465,5377,2510,126
189,Sheffield,DayType,Weekend,171,56,1363,305,994,901,224,101,1361,190,19,283,407,635,570,1604,282,9
190,Sheffield,Hour,10,5,0,13,0,12,6,2,1,15,0,0,2,2,5,9,16,2,0
191,Sheffield,Hour,11,37,11,233,107,204,184,59,30,249,48,2,141,63,80,104,245,137,6
192,Sheffield,Hour,12,113,57,1196,366,878,854,159,116,1319,115,23,566,303,545,318,1140,559,33
193,Sheffield,Hour,13,161,48,1610,465,1213,1071,227,104,1751,181,21,664,431,715,474,1601,654,29
194,Sheffield,Hour,14,138,75,1821,439,1323,1150,348,131,1681,287,26,610,471,853,539,1852,599,22
195,Sheffield,Hour,15,138,55,1423,211,924,903,264,126,1210,204,23,444,291,720,372,1365,441,21
196,Sheffield,Hour,16,75,27,598,148,416,432,111,45,596,82,14,286,140,225,197,556,284,8
197,Sheffield,Hour,17,9,3,219,28,129,130,40,14,173,28,4,94,48,98,19,157,96,6
198,Sheffield,Hour,18,1,2,61,9,29,44,9,4,54,6,0,19,19,32,3,43,20,10
199,Sheffield,Hour,19,0,0,6,0,2,4,2,0,4,0,0,0,1,5,0,6,0,0
200,Sheffield,Day,3,3,2,103,19,68,59,18,6,79,24,0,47,24,40,16,80,47,0
201,Sheffield,Day,4,37,8,242,36,160,163,52,29,184,53,5,84,36,102,101,236,77,10
202,Sheffield,Day,5,31,9,126,17,93,90,19,12,137,9,6,26,28,42,87,155,25,3
203,Sheffield,Day,6,6,2,95,15,64,54,13,8,67,26,4,54,16,35,13,64,54,0
204,Sheffield,Day,9,27,22,295,90,234,200,33,15,359,21,6,172,64,135,63,257,171,6
205,Sheffield,Day,10,30,9,379,82,298,202,64,21,364,46,5,142,111,185,62,355,138,7
206,Sheffield,Day,11,56,20,600,179,441,414,84,53,611,98,9,146,147,356,206,702,146,7
207,Sheffield,Day,13,17,7,471,123,306,312,52,59,447,58,2,191,128,227,72,418,191,9
208,Sheffield,Day,16,17,13,145,39,92,122,33,16,144,18,3,49,56,69,40,151,50,13
209,Sheffield,Day,17,52,15,780,229,536,540,107,54,804,105,6,298,210,382,186,767,299,10
210,Sheffield,Day,18,58,20,584,148,408,402,107,43,573,82,5,307,122,235,146,493,304,13
211,Sheffield,Day,19,11,2,174,50,143,94,11,2,214,8,2,91,44,61,41,147,88,2
212,Sheffield,Day,20,45,18,472,118,340,313,93,37,445,73,5,147,110,221,175,506,146,1
213,Sheffield,Day,21,8,4,97,56,94,71,1,1,157,6,0,74,33,33,25,91,73,1
214,Sheffield,Day,22,14,7,170,31,127,95,22,13,170,8,9,74,37,68,43,135,73,14
215,Sheffield,Day,23,68,27,802,178,574,501,150,74,741,94,16,270,235,356,214,791,267,17
216,Sheffield,Day,24,33,5,201,47,161,125,30,23,213,18,2,79,48,85,74,205,79,2
217,Sheffield,Day,25,13,11,201,26,116,135,47,10,148,36,10,66,50,105,30,186,62,3
218,Sheffield,Day,26,3,2,188,22,105,110,36,18,137,22,2,87,34,85,9,128,87,0
219,Sheffield,Day,28,1,2,64,18,38,47,25,4,50,6,0,32,16,28,9,53,32,0
220,Sheffield,Day,29,67,35,512,139,357,396,111,28,523,83,8,182,113,248,210,565,179,9
221,Sheffield,Day,30,80,38,479,111,375,333,113,45,485,57,8,208,107,180,213,496,204,8
222,Sheffield,Month,1,37,8,242,36,160,163,52,29,184,53,5,84,36,102,101,236,77,10
223,Sheffield,Month,2,17,14,172,49,98,154,55,13,164,18,2,91,34,78,49,161,91,0
224,Sheffield,Month,3,64,25,812,220,558,563,101,55,837,123,5,359,217,343,202,759,358,4
225,Sheffield,Month,4,73,19,780,211,566,517,118,81,767,105,12,315,171,345,252,761,313,9
226,Sheffield,Month,5,76,47,887,210,668,552,166,91,839,114,10,276,248,448,248,932,276,12
227,Sheffield,Month,6,54,26,610,169,462,397,109,41,643,61,5,197,173,278,211,662,196,1
228,Sheffield,Month,7,61,9,508,165,385,358,85,46,551,58,3,232,136,208,167,503,230,10
229,Sheffield,Month,8,50,37,687,143,444,473,127,54,629,78,29,277,176,344,120,602,271,44
230,Sheffield,Month,9,27,8,403,52,242,248,88,36,306,51,9,148,104,185,53,340,147,3
231,Sheffield,Month,10,48,27,446,143,369,295,48,24,529,52,11,257,122,184,101,401,254,9
232,Sheffield,Month,11,99,35,938,217,697,592,171,70,883,152,13,317,217,446,309,962,314,13
233,Sheffield,Month,12,71,23,695,158,481,466,101,31,720,86,9,273,135,317,222,662,265,20
234,Sheffield,Weekday,0,85,35,1031,265,757,659,154,70,1067,111,14,511,253,426,226,884,507,25
235,Sheffield,Weekday,1,108,31,1175,286,886,714,172,93,1176,135,24,539,284,474,303,1042,529,29
236,Sheffield,Weekday,2,73,32,1038,327,721,749,187,95,1055,118,15,446,327,482,215,994,445,31
237,Sheffield,Weekday,3,143,85,1305,376,927,982,259,123,1344,162,21,594,244,641,430,1301,585,23
238,Sheffield,Weekday,4,97,39,1268,214,845,773,225,89,1049,235,20,453,254,620,291,1156,444,18
239,Sheffield,Weekday,5,80,25,696,157,503,455,127,62,622,138,9,121,202,367,268,832,120,6
240,Sheffield,Weekday,6,91,31,667,148,491,446,97,39,739,52,10,162,205,268,302,772,162,3
241,Sheffield,Season,Autumn,174,70,1787,412,1308,1135,307,130,1718,255,33,722,443,815,463,1703,715,25
242,Sheffield,Season,Spring,213,91,2479,641,1792,1632,385,227,2443,342,27,950,636,1136,702,2452,947,25
243,Sheffield,Season,Summer,165,72,1805,477,1291,1228,321,141,1823,197,37,706,485,830,498,1767,697,55
244,Sheffield,Season,Winter,125,45,1109,243,739,783,208,73,1068,157,16,448,205,497,372,1059,433,30
245,Public Open Space,DayType,Weekday,243,120,2486,697,1902,1644,462,159,2597,295,33,1213,637,1022,674,2327,1199,20
246,Public Open Space,DayType,Weekend,113,30,709,161,565,448,135,48,704,114,12,137,200,308,368,873,135,5
247,Public Open Space,Hour,11,31,10,158,79,146,132,43,18,187,29,1,108,48,38,84,168,104,6
248,Public Open Space,Hour,12,71,37,646,236,514,476,89,41,792,56,12,347,185,275,183,640,343,7
249,Public Open Space,Hour,13,81,32,817,201,625,506,130,49,853,88,11,351,203,348,229,781,347,3
250,Public Open Space,Hour,14,80,37,778,195,609,481,162,41,746,131,10,260,205,342,283,827,256,7
251,Public Open Space,Hour,15,54,29,516,76,368,307,110,45,447,65,8,168,115,239,153,505,168,2
252,Public Open Space,Hour,16,33,5,254,70,184,178,61,12,255,31,3,114,77,75,96,248,114,0
253,Public Open Space,Hour,10,5,0,13,0,12,6,2,1,15,0,0,2,2,5,9,16,2,0
254,Public Open Space,Hour,17,1,0,13,1,9,6,0,0,6,9,0,0,2,8,5,15,0,0
255,Public Open Space,Day,16,14,9,46,28,43,54,13,10,65,6,3,20,25,14,38,77,20,0
256,Public Open Space,Day,23,38,7,243,51,199,140,50,18,232,35,4,55,78,101,105,285,54,0
257,Public Open Space,Day,25,5,2,86,12,49,56,20,7,64,10,4,31,23,39,12,74,31,0
258,Public Open Space,Day,26,2,2,75,12,46,45,19,10,57,5,0,33,12,37,9,60,31,0
259,Public Open Space,Day,6,6,2,95,15,64,54,13,8,67,26,4,54,16,35,13,64,54,0
260,Public Open Space,Day,9,16,10,214,66,172,134,19,9,260,15,3,112,54,102,38,193,111,2
261,Public Open Space,Day,10,30,9,379,82,298,202,64,21,364,46,5,142,110,185,63,355,138,7
262,Public Open Space,Day,3,3,2,103,19,68,59,18,6,79,24,0,47,24,40,16,80,47,0
263,Public Open Space,Day,5,31,9,126,17,93,90,19,12,137,9,6,26,28,42,87,155,25,3
264,Public Open Space,Day,11,19,9,167,61,143,113,31,4,184,37,0,32,50,92,82,222,32,2
265,Public Open Space,Day,19,11,2,174,50,143,94,11,2,214,8,2,91,43,61,42,147,88,2
266,Public Open Space,Day,28,1,2,64,18,38,47,25,4,50,6,0,32,16,28,9,53,32,0
267,Public Open Space,Day,29,35,18,224,92,184,185,60,11,268,26,4,101,73,99,96,268,101,0
268,Public Open Space,Day,18,30,16,351,87,243,241,68,31,322,61,2,206,69,128,81,275,205,4
269,Public Open Space,Day,21,8,4,97,56,94,71,1,1,157,6,0,74,33,33,25,91,73,1
270,Public Open Space,Day,20,40,14,293,80,232,195,63,19,301,42,2,87,70,123,147,340,87,0
271,Public Open Space,Day,30,56,33,364,78,288,243,89,30,369,37,6,161,81,137,152,368,159,4
272,Public Open Space,Day,17,11,0,94,34,70,69,14,4,111,10,0,46,32,34,27,93,46,0
273,Public Open Space,Month,8,14,9,46,28,43,54,13,10,65,6,3,20,25,14,38,77,20,0
274,Public Open Space,Month,9,22,8,235,36,153,148,55,25,184,30,7,83,59,105,54,221,80,0
275,Public Open Space,Month,10,37,15,365,119,307,229,34,18,430,46,8,197,111,151,77,337,194,5
276,Public Open Space,Month,11,62,26,530,125,401,342,104,31,515,84,9,166,130,241,206,571,163,9
277,Public Open Space,Month,12,11,2,174,50,143,94,11,2,214,8,2,91,43,61,42,147,88,2
278,Public Open Space,Month,2,17,14,172,49,98,154,55,13,164,18,2,91,34,78,49,161,91,0
279,Public Open Space,Month,3,29,13,345,112,280,219,49,14,376,58,2,207,87,122,83,290,205,4
280,Public Open Space,Month,4,46,12,407,98,295,268,65,37,402,54,5,164,100,150,149,398,162,3
281,Public Open Space,Month,5,51,36,428,101,354,262,110,31,418,52,5,142,116,205,153,472,142,2
282,Public Open Space,Month,6,38,12,287,87,241,183,62,15,319,27,1,97,80,122,125,327,97,0
283,Public Open Space,Month,7,29,3,206,53,152,139,39,11,214,26,1,92,52,81,66,199,92,0
284,Public Open Space,Weekday,2,45,17,320,141,275,248,82,20,380,36,5,140,128,125,130,383,140,0
285,Public Open Space,Weekday,5,59,18,415,105,332,265,82,26,398,86,5,76,118,194,209,520,75,2
286,Public Open Space,Weekday,0,38,15,484,117,357,297,74,25,478,70,7,250,123,184,97,403,248,3
287,Public Open Space,Weekday,1,62,16,611,171,499,361,80,29,690,52,9,293,165,243,159,567,284,9
288,Public Open Space,Weekday,4,20,4,457,61,309,233,80,30,342,84,6,186,101,200,55,356,184,2
289,Public Open Space,Weekday,6,54,12,294,56,233,183,53,22,306,28,7,61,82,114,159,353,60,3
290,Public Open Space,Weekday,3,78,68,614,207,462,505,146,55,707,53,6,344,120,270,233,618,343,6
291,Public Open Space,Season,Summer,81,24,539,168,436,376,114,36,598,59,5,209,157,217,229,603,209,0
292,Public Open Space,Season,Autumn,121,49,1130,280,861,719,193,74,1129,160,24,446,300,497,337,1129,437,14
293,Public Open Space,Season,Winter,28,16,346,99,241,248,66,15,378,26,4,182,77,139,91,308,179,2
294,Public Open Space,Season,Spring,126,61,1180,311,929,749,224,82,1196,164,12,513,303,477,385,1160,509,9
295,Streets,DayType,Weekday,263,102,3331,771,2234,2233,535,311,3094,466,61,1330,693,1621,823,3050,1311,106
296,Streets,DayType,Weekend,58,26,654,144,429,453,89,53,657,76,7,146,196,327,213,731,147,4
297,Streets,Hour,17,8,3,206,27,120,124,40,14,167,19,4,94,45,90,15,142,96,6
298,Streets,Hour,18,1,2,61,9,29,44,9,4,54,6,0,19,17,32,5,43,20,10
299,Streets,Hour,19,0,0,6,0,2,4,2,0,4,0,0,0,1,5,0,6,0,0
300,Streets,Hour,11,6,1,75,28,58,52,16,12,62,19,1,33,15,42,20,77,33,0
301,Streets,Hour,12,42,20,550,130,364,378,70,75,527,59,11,219,108,270,145,500,216,26
302,Streets,Hour,13,80,16,793,264,588,565,97,55,898,93,10,313,218,367,255,820,307,26
303,Streets,Hour,14,58,38,1043,244,714,669,186,90,935,156,16,350,255,511,267,1025,343,15
304,Streets,Hour,15,84,26,907,135,556,596,154,81,763,139,15,276,172,481,223,860,273,19
305,Streets,Hour,16,42,22,344,78,232,254,50,33,341,51,11,172,58,150,106,308,170,8
306,Streets,Day,16,3,4,99,11,49,68,20,6,79,12,0,29,24,55,9,74,30,13
307,Streets,Day,17,41,15,686,195,466,471,93,50,693,95,6,252,176,348,161,674,253,10
308,Streets,Day,22,14,7,170,31,127,95,22,13,170,8,9,74,32,68,48,135,73,14
309,Streets,Day,23,30,20,559,127,375,361,100,56,509,59,12,215,143,255,123,506,213,17
310,Streets,Day,25,8,9,115,14,67,79,27,3,84,26,6,35,22,66,23,112,31,3
311,Streets,Day,26,1,0,113,10,59,65,17,8,80,17,2,54,20,48,2,68,56,0
312,Streets,Day,9,11,12,81,24,62,66,14,6,99,6,3,60,10,33,25,64,60,4
313,Streets,Day,24,33,5,201,47,161,125,30,23,213,18,2,79,48,85,74,205,79,2
314,Streets,Day,18,28,4,233,61,165,161,39,12,251,21,3,101,51,107,67,218,99,9
315,Streets,Day,29,32,17,288,47,173,211,51,17,255,57,4,81,40,149,114,297,78,9
316,Streets,Day,4,37,8,242,36,160,163,52,29,184,53,5,84,35,102,102,236,77,10
317,Streets,Day,13,17,7,471,123,306,312,52,59,447,58,2,191,127,227,73,418,191,9
318,Streets,Day,11,37,11,433,118,298,301,53,49,427,61,9,114,97,264,124,480,114,5
319,Streets,Day,20,5,4,179,38,108,118,30,18,144,31,3,60,40,98,28,166,59,1
320,Streets,Day,30,24,5,115,33,87,90,24,15,116,20,2,47,24,43,63,128,45,4
321,Streets,Month,8,36,28,641,115,401,419,114,44,564,72,26,257,130,330,103,525,251,44
322,Streets,Month,9,5,0,168,16,89,100,33,11,122,21,2,65,33,80,11,119,67,3
323,Streets,Month,10,11,12,81,24,62,66,14,6,99,6,3,60,10,33,25,64,60,4
324,Streets,Month,11,37,9,408,92,296,250,67,39,368,68,4,151,87,205,103,391,151,4
325,Streets,Month,12,60,21,521,108,338,372,90,29,506,78,7,182,91,256,181,515,177,18
326,Streets,Month,1,37,8,242,36,160,163,52,29,184,53,5,84,35,102,102,236,77,10
327,Streets,Month,3,35,12,467,108,278,344,52,41,461,65,3,152,128,221,121,469,153,0
328,Streets,Month,4,27,7,373,113,271,249,53,44,365,51,7,151,69,195,105,363,151,6
329,Streets,Month,5,25,11,459,109,314,290,56,60,421,62,5,134,129,243,98,460,134,10
330,Streets,Month,6,16,14,323,82,221,214,47,26,324,34,4,100,93,156,86,335,99,1
331,Streets,Month,7,32,6,302,112,233,219,46,35,337,32,2,140,84,127,101,304,138,10
332,Streets,Weekday,2,28,15,718,186,446,501,105,75,675,82,10,306,187,357,97,611,305,31
333,Streets,Weekday,3,65,17,691,169,465,477,113,68,637,109,15,250,119,371,202,683,242,17
334,Streets,Weekday,1,46,15,564,115,387,353,92,64,486,83,15,246,110,231,153,475,245,20
335,Streets,Weekday,4,77,35,811,153,536,540,145,59,707,151,14,267,149,420,240,800,260,16
336,Streets,Weekday,5,21,7,281,52,171,190,45,36,224,52,4,45,75,173,68,312,45,4
337,Streets,Weekday,0,47,20,547,148,400,362,80,45,589,41,7,261,128,242,131,481,259,22
338,Streets,Weekday,6,37,19,373,92,258,263,44,17,433,24,3,101,121,154,145,419,102,0
339,Streets,Season,Summer,84,48,1266,309,855,852,207,105,1225,138,32,497,307,613,290,1164,488,55
340,Streets,Season,Autumn,53,21,657,132,447,416,114,56,589,95,9,276,130,318,139,574,278,11
341,Streets,Season,Winter,97,29,763,144,498,535,142,58,690,131,12,266,126,358,283,751,254,28
342,Streets,Season,Spring,87,30,1299,330,863,883,161,145,1247,178,15,437,326,659,324,1292,438,16
343,City Centre,DayType,Weekday,284,153,3431,714,2247,2335,694,312,2938,587,51,1401,685,1617,879,3144,1382,56
344,City Centre,DayType,Weekend,92,25,655,113,453,432,115,70,575,110,15,115,171,317,282,765,113,7
345,City Centre,Hour,11,33,11,203,94,179,162,57,27,213,42,2,120,53,73,95,219,118,4
346,City Centre,Hour,12,66,42,589,160,416,441,100,75,591,78,13,252,126,288,191,594,250,13
347,City Centre,Hour,17,2,2,114,11,61,68,23,9,82,13,2,53,22,50,4,71,55,3
348,City Centre,Hour,18,1,2,61,9,29,44,9,4,54,6,0,19,17,32,5,43,20,10
349,City Centre,Hour,19,0,0,6,0,2,4,2,0,4,0,0,0,1,5,0,6,0,0
350,City Centre,Hour,13,83,25,763,179,504,546,155,60,703,122,10,311,164,333,242,740,305,5
351,City Centre,Hour,14,88,52,1109,201,751,699,229,91,892,221,17,347,241,543,319,1100,336,14
352,City Centre,Hour,15,75,38,1003,134,610,640,193,94,784,161,18,319,177,521,233,920,316,14
353,City Centre,Hour,16,23,6,225,39,136,157,39,21,175,54,4,93,53,84,63,200,93,0
354,City Centre,Hour,10,5,0,13,0,12,6,2,1,15,0,0,2,2,5,9,16,2,0
355,City Centre,Day,16,17,13,145,39,92,122,33,16,144,18,3,49,49,69,47,151,50,13
356,City Centre,Day,17,7,5,270,67,175,174,44,21,218,62,4,97,48,168,36,248,97,4
357,City Centre,Day,25,13,11,201,26,116,135,47,10,148,36,10,66,45,105,35,186,62,3
358,City Centre,Day,23,26,7,296,59,203,185,61,39,225,58,5,102,71,133,82,282,101,5
359,City Centre,Day,26,3,2,188,22,105,110,36,18,137,22,2,87,32,85,11,128,87,0
360,City Centre,Day,6,6,2,95,15,64,54,13,8,67,26,4,54,16,35,13,64,54,0
361,City Centre,Day,3,3,2,103,19,68,59,18,6,79,24,0,47,24,40,16,80,47,0
362,City Centre,Day,5,31,9,126,17,93,90,19,12,137,9,6,26,28,42,87,155,25,3
363,City Centre,Day,9,4,6,64,17,50,41,13,4,65,7,2,26,8,46,11,63,26,2
364,City Centre,Day,10,11,0,259,27,177,120,49,16,196,34,2,85,61,125,26,212,83,2
365,City Centre,Day,29,48,29,396,78,233,318,81,26,369,69,6,140,58,199,154,405,137,9
366,City Centre,Day,4,37,8,242,36,160,163,52,29,184,53,5,84,35,102,102,236,77,10
367,City Centre,Day,28,1,2,64,18,38,47,25,4,50,6,0,32,16,28,9,53,32,0
368,City Centre,Day,13,9,3,238,60,133,177,25,32,208,44,1,91,60,125,34,219,91,0
369,City Centre,Day,18,30,16,351,87,243,241,68,31,322,61,2,206,69,128,81,275,205,4
370,City Centre,Day,20,45,18,472,118,340,313,93,37,445,73,5,147,110,221,175,506,146,1
371,City Centre,Day,11,17,7,226,46,141,155,29,33,182,48,4,34,62,141,59,261,34,1
372,City Centre,Day,30,68,38,350,76,269,263,103,40,337,47,5,143,64,142,183,385,141,6
373,City Centre,Month,8,28,23,323,76,199,251,67,24,292,56,11,110,80,183,77,325,107,18
374,City Centre,Month,9,27,8,403,52,242,248,88,36,306,51,9,148,92,185,65,340,147,3
375,City Centre,Month,10,6,2,95,15,64,54,13,8,67,26,4,54,16,35,13,64,54,0
376,City Centre,Month,11,47,21,570,108,393,353,110,43,485,97,11,205,119,269,153,535,202,9
377,City Centre,Month,12,32,17,288,47,173,211,51,17,255,57,4,81,40,149,114,297,78,9
378,City Centre,Month,1,37,8,242,36,160,163,52,29,184,53,5,84,35,102,102,236,77,10
379,City Centre,Month,2,17,14,172,49,98,154,55,13,164,18,2,91,34,78,49,161,91,0
380,City Centre,Month,3,30,12,486,116,319,325,73,45,427,96,3,224,114,214,92,418,223,3
381,City Centre,Month,4,41,15,444,104,303,301,84,60,374,82,4,170,93,184,157,431,170,3
382,City Centre,Month,5,49,37,538,86,371,339,109,62,446,86,7,134,123,297,156,573,134,3
383,City Centre,Month,6,20,13,298,86,209,208,58,23,294,39,3,122,66,148,81,295,121,1
384,City Centre,Month,7,42,8,227,52,169,160,49,22,219,36,3,93,44,90,102,234,91,4
385,City Centre,Weekday,2,27,18,447,117,263,346,83,52,402,68,4,172,125,222,90,423,173,13
386,City Centre,Weekday,3,115,77,1001,248,676,765,234,106,942,143,16,440,171,485,345,991,432,18
387,City Centre,Weekday,4,64,34,1067,166,684,647,195,66,835,217,18,373,202,535,221,951,364,16
388,City Centre,Weekday,5,61,16,529,96,360,342,96,58,438,101,9,89,143,275,195,610,88,4
389,City Centre,Weekday,0,26,11,334,68,235,204,68,20,283,62,6,164,77,128,70,273,163,3
390,City Centre,Weekday,1,52,13,582,115,389,373,114,68,476,97,7,252,110,247,153,506,250,6
391,City Centre,Weekday,6,31,9,126,17,93,90,19,12,137,9,6,26,28,42,87,155,25,3
392,City Centre,Season,Summer,90,44,848,214,577,619,174,69,805,131,17,325,190,421,260,854,319,23
393,City Centre,Season,Autumn,80,31,1068,175,699,655,211,87,858,174,24,407,227,489,231,939,403,12
394,City Centre,Season,Winter,86,39,702,132,431,528,158,59,603,128,11,256,109,329,265,694,246,19
395,City Centre,Season,Spring,120,64,1468,306,993,965,266,167,1247,264,14,528,330,695,405,1422,527,9
396,Residential Neighbourhood,DayType,Weekday,222,69,2386,754,1889,1542,303,158,2753,174,43,1142,645,1026,618,2233,1128,70
397,Residential Neighbourhood,DayType,Weekend,79,31,708,192,541,469,109,31,786,80,4,168,225,318,299,839,169,2
398,Residential Neighbourhood,Hour,12,47,15,607,206,462,413,59,41,728,37,10,314,167,257,137,546,309,20
399,Residential Neighbourhood,Hour,13,78,23,847,286,709,525,72,44,1048,59,11,353,257,382,242,861,349,24
400,Residential Neighbourhood,Hour,14,50,23,712,238,572,451,119,40,789,66,9,263,219,310,231,752,263,8
401,Residential Neighbourhood,Hour,15,63,17,420,77,314,263,71,32,426,43,5,125,110,199,143,445,125,7
402,Residential Neighbourhood,Hour,16,52,21,373,109,280,275,72,24,421,28,10,193,82,141,139,356,191,8
403,Residential Neighbourhood,Hour,17,7,1,105,17,68,62,17,5,91,15,2,41,25,48,16,86,41,3
404,Residential Neighbourhood,Hour,11,4,0,30,13,25,22,2,3,36,6,0,21,10,7,9,26,19,2
405,Residential Neighbourhood,Day,22,14,7,170,31,127,95,22,13,170,8,9,74,32,68,48,135,73,14
406,Residential Neighbourhood,Day,23,42,20,506,119,371,316,89,35,516,36,11,168,150,223,146,509,166,12
407,Residential Neighbourhood,Day,9,23,16,231,73,184,159,20,11,294,14,4,146,56,89,52,194,145,4
408,Residential Neighbourhood,Day,17,45,10,510,162,361,366,63,33,586,43,2,201,160,214,152,519,202,6
409,Residential Neighbourhood,Day,10,19,9,120,55,121,82,15,5,168,12,3,57,49,60,37,143,55,5
410,Residential Neighbourhood,Day,11,39,13,374,133,300,259,55,20,429,50,5,112,85,215,147,441,112,6
411,Residential Neighbourhood,Day,24,33,5,201,47,161,125,30,23,213,18,2,79,48,85,74,205,79,2
412,Residential Neighbourhood,Day,18,28,4,233,61,165,161,39,12,251,21,3,101,51,107,67,218,99,9
413,Residential Neighbourhood,Day,19,11,2,174,50,143,94,11,2,214,8,2,91,43,61,42,147,88,2
414,Residential Neighbourhood,Day,21,8,4,97,56,94,71,1,1,157,6,0,74,33,33,25,91,73,1
415,Residential Neighbourhood,Day,30,12,0,129,35,106,70,10,5,148,10,3,65,41,38,32,111,63,2
416,Residential Neighbourhood,Day,13,8,4,233,63,173,135,27,27,239,14,1,100,67,102,39,199,100,9
417,Residential Neighbourhood,Day,29,19,6,116,61,124,78,30,2,154,14,2,42,55,49,56,160,42,0
418,Residential Neighbourhood,Month,8,22,14,364,67,245,222,60,30,337,22,18,167,75,161,64,277,164,26
419,Residential Neighbourhood,Month,10,42,25,351,128,305,241,35,16,462,26,7,203,105,149,89,337,200,9
420,Residential Neighbourhood,Month,11,52,14,368,109,304,239,61,27,398,55,2,112,98,177,156,427,112,4
421,Residential Neighbourhood,Month,12,39,6,407,111,308,255,50,14,465,29,5,192,94,168,109,365,187,11
422,Residential Neighbourhood,Month,3,34,13,326,104,239,238,28,10,410,27,2,135,101,129,112,341,135,1
423,Residential Neighbourhood,Month,4,32,4,336,107,263,216,34,21,393,23,8,145,76,161,97,330,143,6
424,Residential Neighbourhood,Month,5,27,10,349,124,297,213,57,29,393,28,3,142,122,151,95,359,142,9
425,Residential Neighbourhood,Month,6,34,13,312,83,253,189,51,18,349,22,2,75,107,130,130,367,75,0
426,Residential Neighbourhood,Month,7,19,1,281,113,216,198,36,24,332,22,0,139,92,118,65,269,139,6
427,Residential Neighbourhood,Weekday,1,56,18,593,171,497,341,58,25,700,38,17,287,165,227,159,536,279,23
428,Residential Neighbourhood,Weekday,2,46,14,591,210,458,403,104,43,653,50,11,274,190,260,137,571,272,18
429,Residential Neighbourhood,Weekday,0,59,24,697,197,522,455,86,50,784,49,8,347,174,298,158,611,344,22
430,Residential Neighbourhood,Weekday,4,33,5,201,48,161,126,30,23,214,18,2,80,48,85,74,205,80,2
431,Residential Neighbourhood,Weekday,5,19,9,167,61,143,113,31,4,184,37,0,32,50,92,82,222,32,2
432,Residential Neighbourhood,Weekday,6,60,22,541,131,398,356,78,27,602,43,4,136,175,226,217,617,137,0
433,Residential Neighbourhood,Weekday,3,28,8,304,128,251,217,25,17,402,19,5,154,68,156,90,310,153,5
434,Residential Neighbourhood,Season,Summer,75,28,957,263,714,609,147,72,1018,66,20,381,274,409,259,913,378,32
435,Residential Neighbourhood,Season,Autumn,94,39,719,237,609,480,96,43,860,81,9,315,203,326,245,764,312,13
436,Residential Neighbourhood,Season,Winter,39,6,407,111,308,255,50,14,465,29,5,192,94,168,109,365,187,11
437,Residential Neighbourhood,Season,Spring,93,27,1011,335,799,667,119,60,1196,78,13,422,299,441,304,1030,420,16
438,0.5km,DayType,Weekday,243,143,2785,625,1804,1992,593,275,2421,462,45,1135,560,1329,772,2624,1116,56
439,0.5km,DayType,Weekend,21,7,281,52,171,190,45,36,224,52,4,45,75,173,68,312,45,4
440,0.5km,Hour,11,32,11,203,94,178,162,57,27,212,42,2,120,53,73,94,218,118,4
441,0.5km,Hour,12,64,42,560,154,395,425,97,74,563,74,12,241,117,276,186,568,239,13
442,0.5km,Hour,17,2,2,114,11,61,68,23,9,82,13,2,53,22,50,4,71,55,3
443,0.5km,Hour,18,1,2,61,9,29,44,9,4,54,6,0,19,17,32,5,43,20,10
444,0.5km,Hour,19,0,0,6,0,2,4,2,0,4,0,0,0,1,5,0,6,0,0
445,0.5km,Hour,13,45,17,511,145,317,401,104,37,497,75,5,235,106,237,140,483,230,5
446,0.5km,Hour,14,53,37,710,130,465,465,167,71,536,144,12,228,152,356,194,701,218,11
447,0.5km,Hour,15,53,33,743,105,436,498,154,71,578,118,13,222,126,413,173,701,219,14
448,0.5km,Hour,16,14,6,158,29,92,115,25,18,119,42,3,62,41,60,44,145,62,0
449,0.5km,Day,16,17,13,145,39,92,122,33,16,144,18,3,49,49,69,47,151,50,13
450,0.5km,Day,17,7,5,270,67,175,174,44,21,218,62,4,97,48,168,36,248,97,4
451,0.5km,Day,25,13,11,201,26,116,135,47,10,148,36,10,66,45,105,35,186,62,3
452,0.5km,Day,23,11,3,221,47,144,138,45,31,162,42,2,82,47,104,49,195,82,5
453,0.5km,Day,26,3,2,188,22,105,110,36,18,137,22,2,87,32,85,11,128,87,0
454,0.5km,Day,9,4,6,64,17,50,41,13,4,65,7,2,26,8,46,11,63,26,2
455,0.5km,Day,10,5,0,70,11,47,39,23,5,50,7,1,35,20,21,10,51,33,2
456,0.5km,Day,29,48,29,396,78,233,318,81,26,369,69,6,140,58,199,154,405,137,9
457,0.5km,Day,4,37,8,242,36,160,163,52,29,184,53,5,84,35,102,102,236,77,10
458,0.5km,Day,28,1,2,64,18,38,47,25,4,50,6,0,32,16,28,9,53,32,0
459,0.5km,Day,13,9,3,238,60,133,177,25,32,208,44,1,91,60,125,34,219,91,0
460,0.5km,Day,18,22,13,205,67,145,162,49,26,200,30,2,138,45,66,58,166,137,4
461,0.5km,Day,11,17,7,226,46,141,155,29,33,182,48,4,34,62,141,59,261,34,1
462,0.5km,Day,30,50,35,238,57,187,193,78,33,234,31,4,97,44,95,144,279,95,6
463,0.5km,Day,20,20,13,298,86,209,208,58,23,294,39,3,122,66,148,81,295,121,1
464,0.5km,Month,8,28,23,323,76,199,251,67,24,292,56,11,110,80,183,77,325,107,18
465,0.5km,Month,9,12,4,329,40,184,201,72,28,243,36,6,129,68,156,32,253,129,3
466,0.5km,Month,11,13,10,341,72,232,204,73,25,269,64,5,132,67,187,50,300,130,6
467,0.5km,Month,12,32,17,288,47,173,211,51,17,255,57,4,81,40,149,114,297,78,9
468,0.5km,Month,1,37,8,242,36,160,163,52,29,184,53,5,84,35,102,102,236,77,10
469,0.5km,Month,2,17,14,172,49,98,154,55,13,164,18,2,91,34,78,49,161,91,0
470,0.5km,Month,3,22,9,340,96,221,246,54,40,305,65,3,156,90,152,69,309,155,3
471,0.5km,Month,4,16,10,269,72,171,196,49,46,223,47,2,144,49,111,63,220,144,3
472,0.5km,Month,5,43,37,349,70,241,258,83,51,300,59,6,84,82,193,140,412,84,3
473,0.5km,Month,6,20,13,298,86,209,208,58,23,294,39,3,122,66,148,81,295,121,1
474,0.5km,Month,7,24,5,115,33,87,90,24,15,116,20,2,47,24,43,63,128,45,4
475,0.5km,Weekday,2,27,18,447,117,263,346,83,52,402,68,4,172,125,222,90,423,173,13
476,0.5km,Weekday,3,115,77,1001,248,676,765,234,106,942,143,16,440,171,485,345,991,432,18
477,0.5km,Weekday,4,49,30,680,116,422,453,138,41,543,140,13,222,121,356,176,646,213,16
478,0.5km,Weekday,5,21,7,281,52,171,190,45,36,224,52,4,45,75,173,68,312,45,4
479,0.5km,Weekday,0,18,8,188,48,137,125,49,15,161,31,6,96,53,66,47,164,95,3
480,0.5km,Weekday,1,34,10,469,96,306,303,89,61,373,80,6,205,90,200,114,400,203,6
481,0.5km,Season,Summer,72,41,736,195,495,549,149,62,702,115,16,279,170,374,221,748,273,23
482,0.5km,Season,Autumn,25,14,670,112,416,405,145,53,512,100,11,261,135,343,82,553,259,9
483,0.5km,Season,Winter,86,39,702,132,431,528,158,59,603,128,11,256,109,329,265,694,246,19
484,0.5km,Season,Spring,81,56,958,238,633,700,186,137,828,171,11,384,221,456,272,941,383,9
485,1km,DayType,Weekend,71,18,374,61,282,242,70,34,351,58,11,70,96,144,214,453,68,3
486,1km,DayType,Weekday,41,10,646,89,443,343,101,37,517,125,6,266,125,288,107,520,266,0
487,1km,Hour,12,2,0,29,6,21,16,3,1,28,4,1,11,9,12,5,26,11,0
488,1km,Hour,13,38,8,252,34,187,145,51,23,206,47,5,76,58,96,102,257,75,0
489,1km,Hour,14,35,15,399,71,286,234,62,20,356,77,5,119,89,187,125,399,118,3
490,1km,Hour,15,22,5,260,29,174,142,39,23,206,43,5,97,51,108,60,219,97,0
491,1km,Hour,10,5,0,13,0,12,6,2,1,15,0,0,2,2,5,9,16,2,0
492,1km,Hour,11,1,0,0,0,1,0,0,0,1,0,0,0,0,0,1,1,0,0
493,1km,Hour,16,9,0,67,10,44,42,14,3,56,12,1,31,12,24,19,55,31,0
494,1km,Day,23,15,4,75,12,59,47,16,8,63,16,3,20,24,29,33,87,19,0
495,1km,Day,6,6,2,95,15,64,54,13,8,67,26,4,54,16,35,13,64,54,0
496,1km,Day,3,3,2,103,19,68,59,18,6,79,24,0,47,24,40,16,80,47,0
497,1km,Day,5,31,9,126,17,93,90,19,12,137,9,6,26,28,42,87,155,25,3
498,1km,Day,18,8,3,146,20,98,79,19,5,122,31,0,68,24,62,23,109,68,0
499,1km,Day,20,25,5,174,32,131,105,35,14,151,34,2,25,44,73,94,211,25,0
500,1km,Day,10,6,0,189,16,130,81,26,11,146,27,1,50,41,104,16,161,50,0
501,1km,Day,30,18,3,112,19,82,70,25,7,103,16,1,46,20,47,39,106,46,0
502,1km,Month,9,15,4,74,12,58,47,16,8,63,15,3,19,24,29,33,87,18,0
503,1km,Month,10,6,2,95,15,64,54,13,8,67,26,4,54,16,35,13,64,54,0
504,1km,Month,11,34,11,229,36,161,149,37,18,216,33,6,73,52,82,103,235,72,3
505,1km,Month,3,8,3,146,20,98,79,19,5,122,31,0,68,24,62,23,109,68,0
506,1km,Month,4,25,5,175,32,132,105,35,14,151,35,2,26,44,73,94,211,26,0
507,1km,Month,5,6,0,189,16,130,81,26,11,146,27,1,50,41,104,16,161,50,0
508,1km,Month,7,18,3,112,19,82,70,25,7,103,16,1,46,20,47,39,106,46,0
509,1km,Weekday,5,40,9,248,44,189,152,51,22,214,49,5,44,68,102,127,298,43,0
510,1km,Weekday,4,15,4,387,50,262,194,57,25,292,77,5,151,81,179,45,305,151,0
511,1km,Weekday,6,31,9,126,17,93,90,19,12,137,9,6,26,28,42,87,155,25,3
512,1km,Weekday,0,8,3,146,20,98,79,19,5,122,31,0,68,24,62,23,109,68,0
513,1km,Weekday,1,18,3,113,19,83,70,25,7,103,17,1,47,20,47,39,106,47,0
514,1km,Season,Autumn,55,17,398,63,283,250,66,34,346,74,13,146,92,146,149,386,144,3
515,1km,Season,Spring,39,8,510,68,360,265,80,30,419,93,3,144,109,239,133,481,144,0
516,1km,Season,Summer,18,3,112,19,82,70,25,7,103,16,1,46,20,47,39,106,46,0
517,2km,DayType,Weekday,222,69,2386,754,1889,1542,303,158,2753,174,43,1142,645,1026,618,2233,1128,70
518,2km,DayType,Weekend,79,31,708,192,541,469,109,31,786,80,4,168,225,318,299,839,169,2
519,2km,Hour,12,47,15,607,206,462,413,59,41,728,37,10,314,167,257,137,546,309,20
520,2km,Hour,13,78,23,847,286,709,525,72,44,1048,59,11,353,257,382,242,861,349,24
521,2km,Hour,14,50,23,712,238,572,451,119,40,789,66,9,263,219,310,231,752,263,8
522,2km,Hour,15,63,17,420,77,314,263,71,32,426,43,5,125,110,199,143,445,125,7
523,2km,Hour,16,52,21,373,109,280,275,72,24,421,28,10,193,82,141,139,356,191,8
524,2km,Hour,17,7,1,105,17,68,62,17,5,91,15,2,41,25,48,16,86,41,3
525,2km,Hour,11,4,0,30,13,25,22,2,3,36,6,0,21,10,7,9,26,19,2
526,2km,Day,22,14,7,170,31,127,95,22,13,170,8,9,74,32,68,48,135,73,14
527,2km,Day,23,42,20,506,119,371,316,89,35,516,36,11,168,150,223,146,509,166,12
528,2km,Day,9,23,16,231,73,184,159,20,11,294,14,4,146,56,89,52,194,145,4
529,2km,Day,17,45,10,510,162,361,366,63,33,586,43,2,201,160,214,152,519,202,6
530,2km,Day,10,19,9,120,55,121,82,15,5,168,12,3,57,49,60,37,143,55,5
531,2km,Day,11,39,13,374,133,300,259,55,20,429,50,5,112,85,215,147,441,112,6
532,2km,Day,24,33,5,201,47,161,125,30,23,213,18,2,79,48,85,74,205,79,2
533,2km,Day,18,28,4,233,61,165,161,39,12,251,21,3,101,51,107,67,218,99,9
534,2km,Day,19,11,2,174,50,143,94,11,2,214,8,2,91,43,61,42,147,88,2
535,2km,Day,21,8,4,97,56,94,71,1,1,157,6,0,74,33,33,25,91,73,1
536,2km,Day,30,12,0,129,35,106,70,10,5,148,10,3,65,41,38,32,111,63,2
537,2km,Day,13,8,4,233,63,173,135,27,27,239,14,1,100,67,102,39,199,100,9
538,2km,Day,29,19,6,116,61,124,78,30,2,154,14,2,42,55,49,56,160,42,0
539,2km,Month,8,22,14,364,67,245,222,60,30,337,22,18,167,75,161,64,277,164,26
540,2km,Month,10,42,25,351,128,305,241,35,16,462,26,7,203,105,149,89,337,200,9
541,2km,Month,11,52,14,368,109,304,239,61,27,398,55,2,112,98,177,156,427,112,4
542,2km,Month,12,39,6,407,111,308,255,50,14,465,29,5,192,94,168,109,365,187,11
543,2km,Month,3,34,13,326,104,239,238,28,10,410,27,2,135,101,129,112,341,135,1
544,2km,Month,4,32,4,336,107,263,216,34,21,393,23,8,145,76,161,97,330,143,6
545,2km,Month,5,27,10,349,124,297,213,57,29,393,28,3,142,122,151,95,359,142,9
546,2km,Month,6,34,13,312,83,253,189,51,18,349,22,2,75,107,130,130,367,75,0
547,2km,Month,7,19,1,281,113,216,198,36,24,332,22,0,139,92,118,65,269,139,6
548,2km,Weekday,1,56,18,593,171,497,341,58,25,700,38,17,287,165,227,159,536,279,23
549,2km,Weekday,2,46,14,591,210,458,403,104,43,653,50,11,274,190,260,137,571,272,18
550,2km,Weekday,0,59,24,697,197,522,455,86,50,784,49,8,347,174,298,158,611,344,22
551,2km,Weekday,4,33,5,201,48,161,126,30,23,214,18,2,80,48,85,74,205,80,2
552,2km,Weekday,5,19,9,167,61,143,113,31,4,184,37,0,32,50,92,82,222,32,2
553,2km,Weekday,6,60,22,541,131,398,356,78,27,602,43,4,136,175,226,217,617,137,0
554,2km,Weekday,3,28,8,304,128,251,217,25,17,402,19,5,154,68,156,90,310,153,5
555,2km,Season,Summer,75,28,957,263,714,609,147,72,1018,66,20,381,274,409,259,913,378,32
556,2km,Season,Autumn,94,39,719,237,609,480,96,43,860,81,9,315,203,326,245,764,312,13
557,2km,Season,Winter,39,6,407,111,308,255,50,14,465,29,5,192,94,168,109,365,187,11
558,2km,Season,Spring,93,27,1011,335,799,667,119,60,1196,78,13,422,299,441,304,1030,420,16
